-65,-1,5c3J1StfYdAs6/2ZgIa+lhCq+a4=,OxqMWnuMLD6sRxxCmUaCd3M4l9Y=
-66,-14,5c3J1StfYdAs6/2ZgIa+lhCq+a4=,OxqMWnuMLD6sRxxCmUaCd3M4l9Y=
-66,-1,5c3J1StfYdAs6/2ZgIa+lhCq+a4=,OxqMWnuMLD6sRxxCmUaCd3M4l9Y=
-77,-16,5c3J1StfYdAs6/2ZgIa+lhCq+a4=,OxqMWnuMLD6sRxxCmUaCd3M4l9Y=
-65,-14,5c3J1StfYdAs6/2ZgIa+lhCq+a4=,OxqMWnuMLD6sRxxCmUaCd3M4l9Y=
-67,-1,5c3J1StfYdAs6/2ZgIa+lhCq+a4=,OxqMWnuMLD6sRxxCmUaCd3M4l9Y=
-80,-13,5c3J1StfYdAs6/2ZgIa+lhCq+a4=,OxqMWnuMLD6sRxxCmUaCd3M4l9Y=
-67,-14,5c3J1StfYdAs6/2ZgIa+lhCq+a4=,OxqMWnuMLD6sRxxCmUaCd3M4l9Y=
-69,-1,5c3J1StfYdAs6/2ZgIa+lhCq+a4=,OxqMWnuMLD6sRxxCmUaCd3M4l9Y=
-70,-1,5c3J1StfYdAs6/2ZgIa+lhCq+a4=,OxqMWnuMLD6sRxxCmUaCd3M4l9Y=
-79,-13,5c3J1StfYdAs6/2ZgIa+lhCq+a4=,OxqMWnuMLD6sRxxCmUaCd3M4l9Y=
-78,-13,5c3J1StfYdAs6/2ZgIa+lhCq+a4=,OxqMWnuMLD6sRxxCmUaCd3M4l9Y=
-68,-1,5c3J1StfYdAs6/2ZgIa+lhCq+a4=,OxqMWnuMLD6sRxxCmUaCd3M4l9Y=
-80,-16,5c3J1StfYdAs6/2ZgIa+lhCq+a4=,OxqMWnuMLD6sRxxCmUaCd3M4l9Y=
-72,-1,5c3J1StfYdAs6/2ZgIa+lhCq+a4=,OxqMWnuMLD6sRxxCmUaCd3M4l9Y=
-77,-13,5c3J1StfYdAs6/2ZgIa+lhCq+a4=,OxqMWnuMLD6sRxxCmUaCd3M4l9Y=
-76,-13,5c3J1StfYdAs6/2ZgIa+lhCq+a4=,OxqMWnuMLD6sRxxCmUaCd3M4l9Y=
-74,-1,5c3J1StfYdAs6/2ZgIa+lhCq+a4=,OxqMWnuMLD6sRxxCmUaCd3M4l9Y=
-71,-1,5c3J1StfYdAs6/2ZgIa+lhCq+a4=,OxqMWnuMLD6sRxxCmUaCd3M4l9Y=
-75,-1,5c3J1StfYdAs6/2ZgIa+lhCq+a4=,OxqMWnuMLD6sRxxCmUaCd3M4l9Y=
-80,-14,5c3J1StfYdAs6/2ZgIa+lhCq+a4=,OxqMWnuMLD6sRxxCmUaCd3M4l9Y=
-77,-1,5c3J1StfYdAs6/2ZgIa+lhCq+a4=,OxqMWnuMLD6sRxxCmUaCd3M4l9Y=
-73,-1,5c3J1StfYdAs6/2ZgIa+lhCq+a4=,OxqMWnuMLD6sRxxCmUaCd3M4l9Y=
-76,-1,5c3J1StfYdAs6/2ZgIa+lhCq+a4=,OxqMWnuMLD6sRxxCmUaCd3M4l9Y=
-76,-16,5c3J1StfYdAs6/2ZgIa+lhCq+a4=,OxqMWnuMLD6sRxxCmUaCd3M4l9Y=
-65,-15,5c3J1StfYdAs6/2ZgIa+lhCq+a4=,OxqMWnuMLD6sRxxCmUaCd3M4l9Y=
-79,-15,5c3J1StfYdAs6/2ZgIa+lhCq+a4=,OxqMWnuMLD6sRxxCmUaCd3M4l9Y=
-75,-13,5c3J1StfYdAs6/2ZgIa+lhCq+a4=,OxqMWnuMLD6sRxxCmUaCd3M4l9Y=
-78,-1,5c3J1StfYdAs6/2ZgIa+lhCq+a4=,OxqMWnuMLD6sRxxCmUaCd3M4l9Y=
-68,-15,5c3J1StfYdAs6/2ZgIa+lhCq+a4=,OxqMWnuMLD6sRxxCmUaCd3M4l9Y=
-67,-15,5c3J1StfYdAs6/2ZgIa+lhCq+a4=,OxqMWnuMLD6sRxxCmUaCd3M4l9Y=
-74,-13,5c3J1StfYdAs6/2ZgIa+lhCq+a4=,OxqMWnuMLD6sRxxCmUaCd3M4l9Y=
-79,-1,5c3J1StfYdAs6/2ZgIa+lhCq+a4=,OxqMWnuMLD6sRxxCmUaCd3M4l9Y=
-69,-15,5c3J1StfYdAs6/2ZgIa+lhCq+a4=,OxqMWnuMLD6sRxxCmUaCd3M4l9Y=
-70,-15,5c3J1StfYdAs6/2ZgIa+lhCq+a4=,OxqMWnuMLD6sRxxCmUaCd3M4l9Y=
-71,-15,5c3J1StfYdAs6/2ZgIa+lhCq+a4=,OxqMWnuMLD6sRxxCmUaCd3M4l9Y=
-73,-13,5c3J1StfYdAs6/2ZgIa+lhCq+a4=,OxqMWnuMLD6sRxxCmUaCd3M4l9Y=
-74,-15,5c3J1StfYdAs6/2ZgIa+lhCq+a4=,OxqMWnuMLD6sRxxCmUaCd3M4l9Y=
-75,-15,5c3J1StfYdAs6/2ZgIa+lhCq+a4=,OxqMWnuMLD6sRxxCmUaCd3M4l9Y=
-76,-15,5c3J1StfYdAs6/2ZgIa+lhCq+a4=,OxqMWnuMLD6sRxxCmUaCd3M4l9Y=
-72,-15,5c3J1StfYdAs6/2ZgIa+lhCq+a4=,OxqMWnuMLD6sRxxCmUaCd3M4l9Y=
-73,-15,5c3J1StfYdAs6/2ZgIa+lhCq+a4=,OxqMWnuMLD6sRxxCmUaCd3M4l9Y=
-77,-15,5c3J1StfYdAs6/2ZgIa+lhCq+a4=,OxqMWnuMLD6sRxxCmUaCd3M4l9Y=
-65,-2,5c3J1StfYdAs6/2ZgIa+lhCq+a4=,OxqMWnuMLD6sRxxCmUaCd3M4l9Y=
-80,-1,5c3J1StfYdAs6/2ZgIa+lhCq+a4=,OxqMWnuMLD6sRxxCmUaCd3M4l9Y=
-78,-16,5c3J1StfYdAs6/2ZgIa+lhCq+a4=,OxqMWnuMLD6sRxxCmUaCd3M4l9Y=
-71,-13,5c3J1StfYdAs6/2ZgIa+lhCq+a4=,OxqMWnuMLD6sRxxCmUaCd3M4l9Y=
-68,-14,5c3J1StfYdAs6/2ZgIa+lhCq+a4=,OxqMWnuMLD6sRxxCmUaCd3M4l9Y=
-66,-15,5c3J1StfYdAs6/2ZgIa+lhCq+a4=,OxqMWnuMLD6sRxxCmUaCd3M4l9Y=
-68,-2,5c3J1StfYdAs6/2ZgIa+lhCq+a4=,OxqMWnuMLD6sRxxCmUaCd3M4l9Y=
-78,-15,5c3J1StfYdAs6/2ZgIa+lhCq+a4=,OxqMWnuMLD6sRxxCmUaCd3M4l9Y=
-72,-13,5c3J1StfYdAs6/2ZgIa+lhCq+a4=,OxqMWnuMLD6sRxxCmUaCd3M4l9Y=
-67,-2,5c3J1StfYdAs6/2ZgIa+lhCq+a4=,OxqMWnuMLD6sRxxCmUaCd3M4l9Y=
-70,-2,5c3J1StfYdAs6/2ZgIa+lhCq+a4=,OxqMWnuMLD6sRxxCmUaCd3M4l9Y=
-71,-2,5c3J1StfYdAs6/2ZgIa+lhCq+a4=,OxqMWnuMLD6sRxxCmUaCd3M4l9Y=
-70,-13,5c3J1StfYdAs6/2ZgIa+lhCq+a4=,OxqMWnuMLD6sRxxCmUaCd3M4l9Y=
-72,-2,5c3J1StfYdAs6/2ZgIa+lhCq+a4=,OxqMWnuMLD6sRxxCmUaCd3M4l9Y=
-69,-2,5c3J1StfYdAs6/2ZgIa+lhCq+a4=,OxqMWnuMLD6sRxxCmUaCd3M4l9Y=
-74,-2,5c3J1StfYdAs6/2ZgIa+lhCq+a4=,OxqMWnuMLD6sRxxCmUaCd3M4l9Y=
-73,-2,5c3J1StfYdAs6/2ZgIa+lhCq+a4=,OxqMWnuMLD6sRxxCmUaCd3M4l9Y=
-75,-2,5c3J1StfYdAs6/2ZgIa+lhCq+a4=,OxqMWnuMLD6sRxxCmUaCd3M4l9Y=
-76,-2,5c3J1StfYdAs6/2ZgIa+lhCq+a4=,OxqMWnuMLD6sRxxCmUaCd3M4l9Y=
-69,-13,5c3J1StfYdAs6/2ZgIa+lhCq+a4=,OxqMWnuMLD6sRxxCmUaCd3M4l9Y=
-77,-2,5c3J1StfYdAs6/2ZgIa+lhCq+a4=,OxqMWnuMLD6sRxxCmUaCd3M4l9Y=
-79,-2,5c3J1StfYdAs6/2ZgIa+lhCq+a4=,OxqMWnuMLD6sRxxCmUaCd3M4l9Y=
-78,-2,5c3J1StfYdAs6/2ZgIa+lhCq+a4=,OxqMWnuMLD6sRxxCmUaCd3M4l9Y=
-80,-2,5c3J1StfYdAs6/2ZgIa+lhCq+a4=,OxqMWnuMLD6sRxxCmUaCd3M4l9Y=
-65,-3,5c3J1StfYdAs6/2ZgIa+lhCq+a4=,OxqMWnuMLD6sRxxCmUaCd3M4l9Y=
-68,-13,5c3J1StfYdAs6/2ZgIa+lhCq+a4=,OxqMWnuMLD6sRxxCmUaCd3M4l9Y=
-66,-2,5c3J1StfYdAs6/2ZgIa+lhCq+a4=,OxqMWnuMLD6sRxxCmUaCd3M4l9Y=
-80,-15,5c3J1StfYdAs6/2ZgIa+lhCq+a4=,OxqMWnuMLD6sRxxCmUaCd3M4l9Y=
-66,-3,5c3J1StfYdAs6/2ZgIa+lhCq+a4=,OxqMWnuMLD6sRxxCmUaCd3M4l9Y=
-67,-3,5c3J1StfYdAs6/2ZgIa+lhCq+a4=,OxqMWnuMLD6sRxxCmUaCd3M4l9Y=
-67,-13,5c3J1StfYdAs6/2ZgIa+lhCq+a4=,OxqMWnuMLD6sRxxCmUaCd3M4l9Y=
-69,-14,5c3J1StfYdAs6/2ZgIa+lhCq+a4=,OxqMWnuMLD6sRxxCmUaCd3M4l9Y=
-68,-3,5c3J1StfYdAs6/2ZgIa+lhCq+a4=,OxqMWnuMLD6sRxxCmUaCd3M4l9Y=
-69,-3,5c3J1StfYdAs6/2ZgIa+lhCq+a4=,OxqMWnuMLD6sRxxCmUaCd3M4l9Y=
-70,-3,5c3J1StfYdAs6/2ZgIa+lhCq+a4=,OxqMWnuMLD6sRxxCmUaCd3M4l9Y=
-66,-13,5c3J1StfYdAs6/2ZgIa+lhCq+a4=,OxqMWnuMLD6sRxxCmUaCd3M4l9Y=
-72,-3,5c3J1StfYdAs6/2ZgIa+lhCq+a4=,OxqMWnuMLD6sRxxCmUaCd3M4l9Y=
-71,-3,5c3J1StfYdAs6/2ZgIa+lhCq+a4=,OxqMWnuMLD6sRxxCmUaCd3M4l9Y=
-73,-3,5c3J1StfYdAs6/2ZgIa+lhCq+a4=,OxqMWnuMLD6sRxxCmUaCd3M4l9Y=
-74,-3,5c3J1StfYdAs6/2ZgIa+lhCq+a4=,OxqMWnuMLD6sRxxCmUaCd3M4l9Y=
-75,-3,5c3J1StfYdAs6/2ZgIa+lhCq+a4=,OxqMWnuMLD6sRxxCmUaCd3M4l9Y=
-79,-14,5c3J1StfYdAs6/2ZgIa+lhCq+a4=,OxqMWnuMLD6sRxxCmUaCd3M4l9Y=
-77,-3,5c3J1StfYdAs6/2ZgIa+lhCq+a4=,OxqMWnuMLD6sRxxCmUaCd3M4l9Y=
-76,-3,5c3J1StfYdAs6/2ZgIa+lhCq+a4=,OxqMWnuMLD6sRxxCmUaCd3M4l9Y=
-78,-3,5c3J1StfYdAs6/2ZgIa+lhCq+a4=,OxqMWnuMLD6sRxxCmUaCd3M4l9Y=
-79,-3,5c3J1StfYdAs6/2ZgIa+lhCq+a4=,OxqMWnuMLD6sRxxCmUaCd3M4l9Y=
-80,-3,5c3J1StfYdAs6/2ZgIa+lhCq+a4=,OxqMWnuMLD6sRxxCmUaCd3M4l9Y=
-65,-13,5c3J1StfYdAs6/2ZgIa+lhCq+a4=,OxqMWnuMLD6sRxxCmUaCd3M4l9Y=
-79,-16,5c3J1StfYdAs6/2ZgIa+lhCq+a4=,OxqMWnuMLD6sRxxCmUaCd3M4l9Y=
-66,-4,5c3J1StfYdAs6/2ZgIa+lhCq+a4=,OxqMWnuMLD6sRxxCmUaCd3M4l9Y=
-65,-4,5c3J1StfYdAs6/2ZgIa+lhCq+a4=,OxqMWnuMLD6sRxxCmUaCd3M4l9Y=
-67,-4,5c3J1StfYdAs6/2ZgIa+lhCq+a4=,OxqMWnuMLD6sRxxCmUaCd3M4l9Y=
-68,-4,5c3J1StfYdAs6/2ZgIa+lhCq+a4=,OxqMWnuMLD6sRxxCmUaCd3M4l9Y=
-80,-12,5c3J1StfYdAs6/2ZgIa+lhCq+a4=,OxqMWnuMLD6sRxxCmUaCd3M4l9Y=
-69,-4,5c3J1StfYdAs6/2ZgIa+lhCq+a4=,OxqMWnuMLD6sRxxCmUaCd3M4l9Y=
-70,-14,5c3J1StfYdAs6/2ZgIa+lhCq+a4=,OxqMWnuMLD6sRxxCmUaCd3M4l9Y=
-70,-4,5c3J1StfYdAs6/2ZgIa+lhCq+a4=,OxqMWnuMLD6sRxxCmUaCd3M4l9Y=
-71,-4,5c3J1StfYdAs6/2ZgIa+lhCq+a4=,OxqMWnuMLD6sRxxCmUaCd3M4l9Y=
-79,-12,5c3J1StfYdAs6/2ZgIa+lhCq+a4=,OxqMWnuMLD6sRxxCmUaCd3M4l9Y=
-72,-4,5c3J1StfYdAs6/2ZgIa+lhCq+a4=,OxqMWnuMLD6sRxxCmUaCd3M4l9Y=
-73,-4,5c3J1StfYdAs6/2ZgIa+lhCq+a4=,OxqMWnuMLD6sRxxCmUaCd3M4l9Y=
-74,-4,5c3J1StfYdAs6/2ZgIa+lhCq+a4=,OxqMWnuMLD6sRxxCmUaCd3M4l9Y=
-78,-12,5c3J1StfYdAs6/2ZgIa+lhCq+a4=,OxqMWnuMLD6sRxxCmUaCd3M4l9Y=
-76,-4,5c3J1StfYdAs6/2ZgIa+lhCq+a4=,OxqMWnuMLD6sRxxCmUaCd3M4l9Y=
-75,-4,5c3J1StfYdAs6/2ZgIa+lhCq+a4=,OxqMWnuMLD6sRxxCmUaCd3M4l9Y=
-77,-4,5c3J1StfYdAs6/2ZgIa+lhCq+a4=,OxqMWnuMLD6sRxxCmUaCd3M4l9Y=
-78,-4,5c3J1StfYdAs6/2ZgIa+lhCq+a4=,OxqMWnuMLD6sRxxCmUaCd3M4l9Y=
-77,-12,5c3J1StfYdAs6/2ZgIa+lhCq+a4=,OxqMWnuMLD6sRxxCmUaCd3M4l9Y=
-79,-4,5c3J1StfYdAs6/2ZgIa+lhCq+a4=,OxqMWnuMLD6sRxxCmUaCd3M4l9Y=
-80,-4,5c3J1StfYdAs6/2ZgIa+lhCq+a4=,OxqMWnuMLD6sRxxCmUaCd3M4l9Y=
-65,-5,5c3J1StfYdAs6/2ZgIa+lhCq+a4=,OxqMWnuMLD6sRxxCmUaCd3M4l9Y=
-78,-14,5c3J1StfYdAs6/2ZgIa+lhCq+a4=,OxqMWnuMLD6sRxxCmUaCd3M4l9Y=
-67,-5,5c3J1StfYdAs6/2ZgIa+lhCq+a4=,OxqMWnuMLD6sRxxCmUaCd3M4l9Y=
-68,-5,5c3J1StfYdAs6/2ZgIa+lhCq+a4=,OxqMWnuMLD6sRxxCmUaCd3M4l9Y=
-66,-5,5c3J1StfYdAs6/2ZgIa+lhCq+a4=,OxqMWnuMLD6sRxxCmUaCd3M4l9Y=
-76,-12,5c3J1StfYdAs6/2ZgIa+lhCq+a4=,OxqMWnuMLD6sRxxCmUaCd3M4l9Y=
-69,-5,5c3J1StfYdAs6/2ZgIa+lhCq+a4=,OxqMWnuMLD6sRxxCmUaCd3M4l9Y=
-71,-14,5c3J1StfYdAs6/2ZgIa+lhCq+a4=,OxqMWnuMLD6sRxxCmUaCd3M4l9Y=
-70,-5,5c3J1StfYdAs6/2ZgIa+lhCq+a4=,OxqMWnuMLD6sRxxCmUaCd3M4l9Y=
-71,-5,5c3J1StfYdAs6/2ZgIa+lhCq+a4=,OxqMWnuMLD6sRxxCmUaCd3M4l9Y=
-75,-16,5c3J1StfYdAs6/2ZgIa+lhCq+a4=,OxqMWnuMLD6sRxxCmUaCd3M4l9Y=
-72,-5,5c3J1StfYdAs6/2ZgIa+lhCq+a4=,OxqMWnuMLD6sRxxCmUaCd3M4l9Y=
-73,-5,5c3J1StfYdAs6/2ZgIa+lhCq+a4=,OxqMWnuMLD6sRxxCmUaCd3M4l9Y=
-74,-5,5c3J1StfYdAs6/2ZgIa+lhCq+a4=,OxqMWnuMLD6sRxxCmUaCd3M4l9Y=
-75,-5,5c3J1StfYdAs6/2ZgIa+lhCq+a4=,OxqMWnuMLD6sRxxCmUaCd3M4l9Y=
-75,-12,5c3J1StfYdAs6/2ZgIa+lhCq+a4=,OxqMWnuMLD6sRxxCmUaCd3M4l9Y=
-77,-5,5c3J1StfYdAs6/2ZgIa+lhCq+a4=,OxqMWnuMLD6sRxxCmUaCd3M4l9Y=
-76,-5,5c3J1StfYdAs6/2ZgIa+lhCq+a4=,OxqMWnuMLD6sRxxCmUaCd3M4l9Y=
-74,-12,5c3J1StfYdAs6/2ZgIa+lhCq+a4=,OxqMWnuMLD6sRxxCmUaCd3M4l9Y=
-80,-5,5c3J1StfYdAs6/2ZgIa+lhCq+a4=,OxqMWnuMLD6sRxxCmUaCd3M4l9Y=
-78,-5,5c3J1StfYdAs6/2ZgIa+lhCq+a4=,OxqMWnuMLD6sRxxCmUaCd3M4l9Y=
-79,-5,5c3J1StfYdAs6/2ZgIa+lhCq+a4=,OxqMWnuMLD6sRxxCmUaCd3M4l9Y=
-65,-6,5c3J1StfYdAs6/2ZgIa+lhCq+a4=,OxqMWnuMLD6sRxxCmUaCd3M4l9Y=
-73,-12,5c3J1StfYdAs6/2ZgIa+lhCq+a4=,OxqMWnuMLD6sRxxCmUaCd3M4l9Y=
-66,-6,5c3J1StfYdAs6/2ZgIa+lhCq+a4=,OxqMWnuMLD6sRxxCmUaCd3M4l9Y=
-72,-12,5c3J1StfYdAs6/2ZgIa+lhCq+a4=,OxqMWnuMLD6sRxxCmUaCd3M4l9Y=
-67,-6,5c3J1StfYdAs6/2ZgIa+lhCq+a4=,OxqMWnuMLD6sRxxCmUaCd3M4l9Y=
-68,-6,5c3J1StfYdAs6/2ZgIa+lhCq+a4=,OxqMWnuMLD6sRxxCmUaCd3M4l9Y=
-69,-6,5c3J1StfYdAs6/2ZgIa+lhCq+a4=,OxqMWnuMLD6sRxxCmUaCd3M4l9Y=
-68,-16,5c3J1StfYdAs6/2ZgIa+lhCq+a4=,OxqMWnuMLD6sRxxCmUaCd3M4l9Y=
-71,-12,5c3J1StfYdAs6/2ZgIa+lhCq+a4=,OxqMWnuMLD6sRxxCmUaCd3M4l9Y=
-72,-14,5c3J1StfYdAs6/2ZgIa+lhCq+a4=,OxqMWnuMLD6sRxxCmUaCd3M4l9Y=
-70,-6,5c3J1StfYdAs6/2ZgIa+lhCq+a4=,OxqMWnuMLD6sRxxCmUaCd3M4l9Y=
-70,-12,5c3J1StfYdAs6/2ZgIa+lhCq+a4=,OxqMWnuMLD6sRxxCmUaCd3M4l9Y=
-71,-6,5c3J1StfYdAs6/2ZgIa+lhCq+a4=,OxqMWnuMLD6sRxxCmUaCd3M4l9Y=
-73,-6,5c3J1StfYdAs6/2ZgIa+lhCq+a4=,OxqMWnuMLD6sRxxCmUaCd3M4l9Y=
-72,-6,5c3J1StfYdAs6/2ZgIa+lhCq+a4=,OxqMWnuMLD6sRxxCmUaCd3M4l9Y=
-69,-12,5c3J1StfYdAs6/2ZgIa+lhCq+a4=,OxqMWnuMLD6sRxxCmUaCd3M4l9Y=
-75,-6,5c3J1StfYdAs6/2ZgIa+lhCq+a4=,OxqMWnuMLD6sRxxCmUaCd3M4l9Y=
-76,-6,5c3J1StfYdAs6/2ZgIa+lhCq+a4=,OxqMWnuMLD6sRxxCmUaCd3M4l9Y=
-74,-6,5c3J1StfYdAs6/2ZgIa+lhCq+a4=,OxqMWnuMLD6sRxxCmUaCd3M4l9Y=
-68,-12,5c3J1StfYdAs6/2ZgIa+lhCq+a4=,OxqMWnuMLD6sRxxCmUaCd3M4l9Y=
-77,-6,5c3J1StfYdAs6/2ZgIa+lhCq+a4=,OxqMWnuMLD6sRxxCmUaCd3M4l9Y=
-78,-6,5c3J1StfYdAs6/2ZgIa+lhCq+a4=,OxqMWnuMLD6sRxxCmUaCd3M4l9Y=
-79,-6,5c3J1StfYdAs6/2ZgIa+lhCq+a4=,OxqMWnuMLD6sRxxCmUaCd3M4l9Y=
-67,-12,5c3J1StfYdAs6/2ZgIa+lhCq+a4=,OxqMWnuMLD6sRxxCmUaCd3M4l9Y=
-80,-6,5c3J1StfYdAs6/2ZgIa+lhCq+a4=,OxqMWnuMLD6sRxxCmUaCd3M4l9Y=
-65,-7,5c3J1StfYdAs6/2ZgIa+lhCq+a4=,OxqMWnuMLD6sRxxCmUaCd3M4l9Y=
-66,-12,5c3J1StfYdAs6/2ZgIa+lhCq+a4=,OxqMWnuMLD6sRxxCmUaCd3M4l9Y=
-66,-7,5c3J1StfYdAs6/2ZgIa+lhCq+a4=,OxqMWnuMLD6sRxxCmUaCd3M4l9Y=
-67,-7,5c3J1StfYdAs6/2ZgIa+lhCq+a4=,OxqMWnuMLD6sRxxCmUaCd3M4l9Y=
-68,-7,5c3J1StfYdAs6/2ZgIa+lhCq+a4=,OxqMWnuMLD6sRxxCmUaCd3M4l9Y=
-74,-16,5c3J1StfYdAs6/2ZgIa+lhCq+a4=,OxqMWnuMLD6sRxxCmUaCd3M4l9Y=
-69,-7,5c3J1StfYdAs6/2ZgIa+lhCq+a4=,OxqMWnuMLD6sRxxCmUaCd3M4l9Y=
-69,-16,5c3J1StfYdAs6/2ZgIa+lhCq+a4=,OxqMWnuMLD6sRxxCmUaCd3M4l9Y=
-70,-7,5c3J1StfYdAs6/2ZgIa+lhCq+a4=,OxqMWnuMLD6sRxxCmUaCd3M4l9Y=
-65,-12,5c3J1StfYdAs6/2ZgIa+lhCq+a4=,OxqMWnuMLD6sRxxCmUaCd3M4l9Y=
-71,-7,5c3J1StfYdAs6/2ZgIa+lhCq+a4=,OxqMWnuMLD6sRxxCmUaCd3M4l9Y=
-73,-14,5c3J1StfYdAs6/2ZgIa+lhCq+a4=,OxqMWnuMLD6sRxxCmUaCd3M4l9Y=
-80,-11,5c3J1StfYdAs6/2ZgIa+lhCq+a4=,OxqMWnuMLD6sRxxCmUaCd3M4l9Y=
-72,-7,5c3J1StfYdAs6/2ZgIa+lhCq+a4=,OxqMWnuMLD6sRxxCmUaCd3M4l9Y=
-73,-7,5c3J1StfYdAs6/2ZgIa+lhCq+a4=,OxqMWnuMLD6sRxxCmUaCd3M4l9Y=
-74,-7,5c3J1StfYdAs6/2ZgIa+lhCq+a4=,OxqMWnuMLD6sRxxCmUaCd3M4l9Y=
-79,-11,5c3J1StfYdAs6/2ZgIa+lhCq+a4=,OxqMWnuMLD6sRxxCmUaCd3M4l9Y=
-75,-7,5c3J1StfYdAs6/2ZgIa+lhCq+a4=,OxqMWnuMLD6sRxxCmUaCd3M4l9Y=
-76,-7,5c3J1StfYdAs6/2ZgIa+lhCq+a4=,OxqMWnuMLD6sRxxCmUaCd3M4l9Y=
-77,-7,5c3J1StfYdAs6/2ZgIa+lhCq+a4=,OxqMWnuMLD6sRxxCmUaCd3M4l9Y=
-78,-11,5c3J1StfYdAs6/2ZgIa+lhCq+a4=,OxqMWnuMLD6sRxxCmUaCd3M4l9Y=
-80,-7,5c3J1StfYdAs6/2ZgIa+lhCq+a4=,OxqMWnuMLD6sRxxCmUaCd3M4l9Y=
-79,-7,5c3J1StfYdAs6/2ZgIa+lhCq+a4=,OxqMWnuMLD6sRxxCmUaCd3M4l9Y=
-77,-11,5c3J1StfYdAs6/2ZgIa+lhCq+a4=,OxqMWnuMLD6sRxxCmUaCd3M4l9Y=
-78,-7,5c3J1StfYdAs6/2ZgIa+lhCq+a4=,OxqMWnuMLD6sRxxCmUaCd3M4l9Y=
-65,-8,5c3J1StfYdAs6/2ZgIa+lhCq+a4=,OxqMWnuMLD6sRxxCmUaCd3M4l9Y=
-66,-8,5c3J1StfYdAs6/2ZgIa+lhCq+a4=,OxqMWnuMLD6sRxxCmUaCd3M4l9Y=
-67,-8,5c3J1StfYdAs6/2ZgIa+lhCq+a4=,OxqMWnuMLD6sRxxCmUaCd3M4l9Y=
-76,-11,5c3J1StfYdAs6/2ZgIa+lhCq+a4=,OxqMWnuMLD6sRxxCmUaCd3M4l9Y=
-68,-8,5c3J1StfYdAs6/2ZgIa+lhCq+a4=,OxqMWnuMLD6sRxxCmUaCd3M4l9Y=
-69,-8,5c3J1StfYdAs6/2ZgIa+lhCq+a4=,OxqMWnuMLD6sRxxCmUaCd3M4l9Y=
-77,-14,5c3J1StfYdAs6/2ZgIa+lhCq+a4=,OxqMWnuMLD6sRxxCmUaCd3M4l9Y=
-70,-8,5c3J1StfYdAs6/2ZgIa+lhCq+a4=,OxqMWnuMLD6sRxxCmUaCd3M4l9Y=
-71,-8,5c3J1StfYdAs6/2ZgIa+lhCq+a4=,OxqMWnuMLD6sRxxCmUaCd3M4l9Y=
-75,-11,5c3J1StfYdAs6/2ZgIa+lhCq+a4=,OxqMWnuMLD6sRxxCmUaCd3M4l9Y=
-70,-16,5c3J1StfYdAs6/2ZgIa+lhCq+a4=,OxqMWnuMLD6sRxxCmUaCd3M4l9Y=
-74,-14,5c3J1StfYdAs6/2ZgIa+lhCq+a4=,OxqMWnuMLD6sRxxCmUaCd3M4l9Y=
-72,-8,5c3J1StfYdAs6/2ZgIa+lhCq+a4=,OxqMWnuMLD6sRxxCmUaCd3M4l9Y=
-73,-16,5c3J1StfYdAs6/2ZgIa+lhCq+a4=,OxqMWnuMLD6sRxxCmUaCd3M4l9Y=
-73,-8,5c3J1StfYdAs6/2ZgIa+lhCq+a4=,OxqMWnuMLD6sRxxCmUaCd3M4l9Y=
-74,-8,5c3J1StfYdAs6/2ZgIa+lhCq+a4=,OxqMWnuMLD6sRxxCmUaCd3M4l9Y=
-74,-11,5c3J1StfYdAs6/2ZgIa+lhCq+a4=,OxqMWnuMLD6sRxxCmUaCd3M4l9Y=
-75,-8,5c3J1StfYdAs6/2ZgIa+lhCq+a4=,OxqMWnuMLD6sRxxCmUaCd3M4l9Y=
-76,-8,5c3J1StfYdAs6/2ZgIa+lhCq+a4=,OxqMWnuMLD6sRxxCmUaCd3M4l9Y=
-77,-8,5c3J1StfYdAs6/2ZgIa+lhCq+a4=,OxqMWnuMLD6sRxxCmUaCd3M4l9Y=
-73,-11,5c3J1StfYdAs6/2ZgIa+lhCq+a4=,OxqMWnuMLD6sRxxCmUaCd3M4l9Y=
-78,-8,5c3J1StfYdAs6/2ZgIa+lhCq+a4=,OxqMWnuMLD6sRxxCmUaCd3M4l9Y=
-79,-8,5c3J1StfYdAs6/2ZgIa+lhCq+a4=,OxqMWnuMLD6sRxxCmUaCd3M4l9Y=
-80,-8,5c3J1StfYdAs6/2ZgIa+lhCq+a4=,OxqMWnuMLD6sRxxCmUaCd3M4l9Y=
-65,-9,5c3J1StfYdAs6/2ZgIa+lhCq+a4=,OxqMWnuMLD6sRxxCmUaCd3M4l9Y=
-72,-11,5c3J1StfYdAs6/2ZgIa+lhCq+a4=,OxqMWnuMLD6sRxxCmUaCd3M4l9Y=
-67,-9,5c3J1StfYdAs6/2ZgIa+lhCq+a4=,OxqMWnuMLD6sRxxCmUaCd3M4l9Y=
-66,-9,5c3J1StfYdAs6/2ZgIa+lhCq+a4=,OxqMWnuMLD6sRxxCmUaCd3M4l9Y=
-71,-11,5c3J1StfYdAs6/2ZgIa+lhCq+a4=,OxqMWnuMLD6sRxxCmUaCd3M4l9Y=
-68,-9,5c3J1StfYdAs6/2ZgIa+lhCq+a4=,OxqMWnuMLD6sRxxCmUaCd3M4l9Y=
-69,-9,5c3J1StfYdAs6/2ZgIa+lhCq+a4=,OxqMWnuMLD6sRxxCmUaCd3M4l9Y=
-70,-11,5c3J1StfYdAs6/2ZgIa+lhCq+a4=,OxqMWnuMLD6sRxxCmUaCd3M4l9Y=
-70,-9,5c3J1StfYdAs6/2ZgIa+lhCq+a4=,OxqMWnuMLD6sRxxCmUaCd3M4l9Y=
-71,-9,5c3J1StfYdAs6/2ZgIa+lhCq+a4=,OxqMWnuMLD6sRxxCmUaCd3M4l9Y=
-69,-11,5c3J1StfYdAs6/2ZgIa+lhCq+a4=,OxqMWnuMLD6sRxxCmUaCd3M4l9Y=
-71,-16,5c3J1StfYdAs6/2ZgIa+lhCq+a4=,OxqMWnuMLD6sRxxCmUaCd3M4l9Y=
-73,-9,5c3J1StfYdAs6/2ZgIa+lhCq+a4=,OxqMWnuMLD6sRxxCmUaCd3M4l9Y=
-72,-9,5c3J1StfYdAs6/2ZgIa+lhCq+a4=,OxqMWnuMLD6sRxxCmUaCd3M4l9Y=
-68,-11,5c3J1StfYdAs6/2ZgIa+lhCq+a4=,OxqMWnuMLD6sRxxCmUaCd3M4l9Y=
-75,-14,5c3J1StfYdAs6/2ZgIa+lhCq+a4=,OxqMWnuMLD6sRxxCmUaCd3M4l9Y=
-74,-9,5c3J1StfYdAs6/2ZgIa+lhCq+a4=,OxqMWnuMLD6sRxxCmUaCd3M4l9Y=
-67,-11,5c3J1StfYdAs6/2ZgIa+lhCq+a4=,OxqMWnuMLD6sRxxCmUaCd3M4l9Y=
-75,-9,5c3J1StfYdAs6/2ZgIa+lhCq+a4=,OxqMWnuMLD6sRxxCmUaCd3M4l9Y=
-76,-9,5c3J1StfYdAs6/2ZgIa+lhCq+a4=,OxqMWnuMLD6sRxxCmUaCd3M4l9Y=
-77,-9,5c3J1StfYdAs6/2ZgIa+lhCq+a4=,OxqMWnuMLD6sRxxCmUaCd3M4l9Y=
-78,-9,5c3J1StfYdAs6/2ZgIa+lhCq+a4=,OxqMWnuMLD6sRxxCmUaCd3M4l9Y=
-66,-11,5c3J1StfYdAs6/2ZgIa+lhCq+a4=,OxqMWnuMLD6sRxxCmUaCd3M4l9Y=
-80,-9,5c3J1StfYdAs6/2ZgIa+lhCq+a4=,OxqMWnuMLD6sRxxCmUaCd3M4l9Y=
-79,-9,5c3J1StfYdAs6/2ZgIa+lhCq+a4=,OxqMWnuMLD6sRxxCmUaCd3M4l9Y=
-65,-11,5c3J1StfYdAs6/2ZgIa+lhCq+a4=,OxqMWnuMLD6sRxxCmUaCd3M4l9Y=
-65,-10,5c3J1StfYdAs6/2ZgIa+lhCq+a4=,OxqMWnuMLD6sRxxCmUaCd3M4l9Y=
-66,-10,5c3J1StfYdAs6/2ZgIa+lhCq+a4=,OxqMWnuMLD6sRxxCmUaCd3M4l9Y=
-80,-10,5c3J1StfYdAs6/2ZgIa+lhCq+a4=,OxqMWnuMLD6sRxxCmUaCd3M4l9Y=
-67,-10,5c3J1StfYdAs6/2ZgIa+lhCq+a4=,OxqMWnuMLD6sRxxCmUaCd3M4l9Y=
-79,-10,5c3J1StfYdAs6/2ZgIa+lhCq+a4=,OxqMWnuMLD6sRxxCmUaCd3M4l9Y=
-68,-10,5c3J1StfYdAs6/2ZgIa+lhCq+a4=,OxqMWnuMLD6sRxxCmUaCd3M4l9Y=
-69,-10,5c3J1StfYdAs6/2ZgIa+lhCq+a4=,OxqMWnuMLD6sRxxCmUaCd3M4l9Y=
-78,-10,5c3J1StfYdAs6/2ZgIa+lhCq+a4=,OxqMWnuMLD6sRxxCmUaCd3M4l9Y=
-70,-10,5c3J1StfYdAs6/2ZgIa+lhCq+a4=,OxqMWnuMLD6sRxxCmUaCd3M4l9Y=
-77,-10,5c3J1StfYdAs6/2ZgIa+lhCq+a4=,OxqMWnuMLD6sRxxCmUaCd3M4l9Y=
-72,-10,5c3J1StfYdAs6/2ZgIa+lhCq+a4=,OxqMWnuMLD6sRxxCmUaCd3M4l9Y=
-73,-10,5c3J1StfYdAs6/2ZgIa+lhCq+a4=,OxqMWnuMLD6sRxxCmUaCd3M4l9Y=
-76,-10,5c3J1StfYdAs6/2ZgIa+lhCq+a4=,OxqMWnuMLD6sRxxCmUaCd3M4l9Y=
-72,-16,5c3J1StfYdAs6/2ZgIa+lhCq+a4=,OxqMWnuMLD6sRxxCmUaCd3M4l9Y=
-71,-10,5c3J1StfYdAs6/2ZgIa+lhCq+a4=,OxqMWnuMLD6sRxxCmUaCd3M4l9Y=
-75,-10,5c3J1StfYdAs6/2ZgIa+lhCq+a4=,OxqMWnuMLD6sRxxCmUaCd3M4l9Y=
-74,-10,5c3J1StfYdAs6/2ZgIa+lhCq+a4=,OxqMWnuMLD6sRxxCmUaCd3M4l9Y=
-76,-14,5c3J1StfYdAs6/2ZgIa+lhCq+a4=,OxqMWnuMLD6sRxxCmUaCd3M4l9Y=
-67,-16,5c3J1StfYdAs6/2ZgIa+lhCq+a4=,OxqMWnuMLD6sRxxCmUaCd3M4l9Y=
-65,-16,5c3J1StfYdAs6/2ZgIa+lhCq+a4=,OxqMWnuMLD6sRxxCmUaCd3M4l9Y=
-66,-16,5c3J1StfYdAs6/2ZgIa+lhCq+a4=,OxqMWnuMLD6sRxxCmUaCd3M4l9Y=
-67,-30,gHqWwB56RPP29NzRks01VVy1npE=,sIEBZXvn0ajslWGe2zpytIF0Is4=
-65,-31,gHqWwB56RPP29NzRks01VVy1npE=,sIEBZXvn0ajslWGe2zpytIF0Is4=
-68,-30,gHqWwB56RPP29NzRks01VVy1npE=,sIEBZXvn0ajslWGe2zpytIF0Is4=
-68,-29,gHqWwB56RPP29NzRks01VVy1npE=,sIEBZXvn0ajslWGe2zpytIF0Is4=
-66,-30,gHqWwB56RPP29NzRks01VVy1npE=,sIEBZXvn0ajslWGe2zpytIF0Is4=
-69,-30,gHqWwB56RPP29NzRks01VVy1npE=,sIEBZXvn0ajslWGe2zpytIF0Is4=
-70,-30,gHqWwB56RPP29NzRks01VVy1npE=,sIEBZXvn0ajslWGe2zpytIF0Is4=
-77,-32,gHqWwB56RPP29NzRks01VVy1npE=,sIEBZXvn0ajslWGe2zpytIF0Is4=
-73,-30,gHqWwB56RPP29NzRks01VVy1npE=,sIEBZXvn0ajslWGe2zpytIF0Is4=
-76,-32,gHqWwB56RPP29NzRks01VVy1npE=,sIEBZXvn0ajslWGe2zpytIF0Is4=
-72,-30,gHqWwB56RPP29NzRks01VVy1npE=,sIEBZXvn0ajslWGe2zpytIF0Is4=
-71,-30,gHqWwB56RPP29NzRks01VVy1npE=,sIEBZXvn0ajslWGe2zpytIF0Is4=
-74,-30,gHqWwB56RPP29NzRks01VVy1npE=,sIEBZXvn0ajslWGe2zpytIF0Is4=
-79,-30,gHqWwB56RPP29NzRks01VVy1npE=,sIEBZXvn0ajslWGe2zpytIF0Is4=
-67,-29,gHqWwB56RPP29NzRks01VVy1npE=,sIEBZXvn0ajslWGe2zpytIF0Is4=
-66,-29,gHqWwB56RPP29NzRks01VVy1npE=,sIEBZXvn0ajslWGe2zpytIF0Is4=
-77,-30,gHqWwB56RPP29NzRks01VVy1npE=,sIEBZXvn0ajslWGe2zpytIF0Is4=
-76,-30,gHqWwB56RPP29NzRks01VVy1npE=,sIEBZXvn0ajslWGe2zpytIF0Is4=
-69,-17,gHqWwB56RPP29NzRks01VVy1npE=,sIEBZXvn0ajslWGe2zpytIF0Is4=
-70,-17,gHqWwB56RPP29NzRks01VVy1npE=,sIEBZXvn0ajslWGe2zpytIF0Is4=
-71,-17,gHqWwB56RPP29NzRks01VVy1npE=,sIEBZXvn0ajslWGe2zpytIF0Is4=
-72,-17,gHqWwB56RPP29NzRks01VVy1npE=,sIEBZXvn0ajslWGe2zpytIF0Is4=
-73,-17,gHqWwB56RPP29NzRks01VVy1npE=,sIEBZXvn0ajslWGe2zpytIF0Is4=
-74,-17,gHqWwB56RPP29NzRks01VVy1npE=,sIEBZXvn0ajslWGe2zpytIF0Is4=
-75,-17,gHqWwB56RPP29NzRks01VVy1npE=,sIEBZXvn0ajslWGe2zpytIF0Is4=
-76,-17,gHqWwB56RPP29NzRks01VVy1npE=,sIEBZXvn0ajslWGe2zpytIF0Is4=
-77,-17,gHqWwB56RPP29NzRks01VVy1npE=,sIEBZXvn0ajslWGe2zpytIF0Is4=
-69,-29,gHqWwB56RPP29NzRks01VVy1npE=,sIEBZXvn0ajslWGe2zpytIF0Is4=
-78,-17,gHqWwB56RPP29NzRks01VVy1npE=,sIEBZXvn0ajslWGe2zpytIF0Is4=
-68,-17,gHqWwB56RPP29NzRks01VVy1npE=,sIEBZXvn0ajslWGe2zpytIF0Is4=
-79,-17,gHqWwB56RPP29NzRks01VVy1npE=,sIEBZXvn0ajslWGe2zpytIF0Is4=
-66,-31,gHqWwB56RPP29NzRks01VVy1npE=,sIEBZXvn0ajslWGe2zpytIF0Is4=
-80,-17,gHqWwB56RPP29NzRks01VVy1npE=,sIEBZXvn0ajslWGe2zpytIF0Is4=
-80,-30,gHqWwB56RPP29NzRks01VVy1npE=,sIEBZXvn0ajslWGe2zpytIF0Is4=
-70,-29,gHqWwB56RPP29NzRks01VVy1npE=,sIEBZXvn0ajslWGe2zpytIF0Is4=
-67,-17,gHqWwB56RPP29NzRks01VVy1npE=,sIEBZXvn0ajslWGe2zpytIF0Is4=
-80,-32,gHqWwB56RPP29NzRks01VVy1npE=,sIEBZXvn0ajslWGe2zpytIF0Is4=
-78,-32,gHqWwB56RPP29NzRks01VVy1npE=,sIEBZXvn0ajslWGe2zpytIF0Is4=
-66,-17,gHqWwB56RPP29NzRks01VVy1npE=,sIEBZXvn0ajslWGe2zpytIF0Is4=
-65,-29,gHqWwB56RPP29NzRks01VVy1npE=,sIEBZXvn0ajslWGe2zpytIF0Is4=
-70,-18,gHqWwB56RPP29NzRks01VVy1npE=,sIEBZXvn0ajslWGe2zpytIF0Is4=
-71,-18,gHqWwB56RPP29NzRks01VVy1npE=,sIEBZXvn0ajslWGe2zpytIF0Is4=
-72,-18,gHqWwB56RPP29NzRks01VVy1npE=,sIEBZXvn0ajslWGe2zpytIF0Is4=
-74,-18,gHqWwB56RPP29NzRks01VVy1npE=,sIEBZXvn0ajslWGe2zpytIF0Is4=
-73,-18,gHqWwB56RPP29NzRks01VVy1npE=,sIEBZXvn0ajslWGe2zpytIF0Is4=
-76,-18,gHqWwB56RPP29NzRks01VVy1npE=,sIEBZXvn0ajslWGe2zpytIF0Is4=
-77,-18,gHqWwB56RPP29NzRks01VVy1npE=,sIEBZXvn0ajslWGe2zpytIF0Is4=
-75,-18,gHqWwB56RPP29NzRks01VVy1npE=,sIEBZXvn0ajslWGe2zpytIF0Is4=
-78,-18,gHqWwB56RPP29NzRks01VVy1npE=,sIEBZXvn0ajslWGe2zpytIF0Is4=
-65,-18,gHqWwB56RPP29NzRks01VVy1npE=,sIEBZXvn0ajslWGe2zpytIF0Is4=
-66,-18,gHqWwB56RPP29NzRks01VVy1npE=,sIEBZXvn0ajslWGe2zpytIF0Is4=
-69,-18,gHqWwB56RPP29NzRks01VVy1npE=,sIEBZXvn0ajslWGe2zpytIF0Is4=
-78,-30,gHqWwB56RPP29NzRks01VVy1npE=,sIEBZXvn0ajslWGe2zpytIF0Is4=
-80,-18,gHqWwB56RPP29NzRks01VVy1npE=,sIEBZXvn0ajslWGe2zpytIF0Is4=
-68,-18,gHqWwB56RPP29NzRks01VVy1npE=,sIEBZXvn0ajslWGe2zpytIF0Is4=
-80,-31,gHqWwB56RPP29NzRks01VVy1npE=,sIEBZXvn0ajslWGe2zpytIF0Is4=
-67,-18,gHqWwB56RPP29NzRks01VVy1npE=,sIEBZXvn0ajslWGe2zpytIF0Is4=
-79,-18,gHqWwB56RPP29NzRks01VVy1npE=,sIEBZXvn0ajslWGe2zpytIF0Is4=
-71,-29,gHqWwB56RPP29NzRks01VVy1npE=,sIEBZXvn0ajslWGe2zpytIF0Is4=
-79,-31,gHqWwB56RPP29NzRks01VVy1npE=,sIEBZXvn0ajslWGe2zpytIF0Is4=
-80,-28,gHqWwB56RPP29NzRks01VVy1npE=,sIEBZXvn0ajslWGe2zpytIF0Is4=
-65,-19,gHqWwB56RPP29NzRks01VVy1npE=,sIEBZXvn0ajslWGe2zpytIF0Is4=
-65,-17,gHqWwB56RPP29NzRks01VVy1npE=,sIEBZXvn0ajslWGe2zpytIF0Is4=
-75,-32,gHqWwB56RPP29NzRks01VVy1npE=,sIEBZXvn0ajslWGe2zpytIF0Is4=
-70,-19,gHqWwB56RPP29NzRks01VVy1npE=,sIEBZXvn0ajslWGe2zpytIF0Is4=
-71,-19,gHqWwB56RPP29NzRks01VVy1npE=,sIEBZXvn0ajslWGe2zpytIF0Is4=
-67,-19,gHqWwB56RPP29NzRks01VVy1npE=,sIEBZXvn0ajslWGe2zpytIF0Is4=
-74,-19,gHqWwB56RPP29NzRks01VVy1npE=,sIEBZXvn0ajslWGe2zpytIF0Is4=
-76,-19,gHqWwB56RPP29NzRks01VVy1npE=,sIEBZXvn0ajslWGe2zpytIF0Is4=
-77,-19,gHqWwB56RPP29NzRks01VVy1npE=,sIEBZXvn0ajslWGe2zpytIF0Is4=
-75,-19,gHqWwB56RPP29NzRks01VVy1npE=,sIEBZXvn0ajslWGe2zpytIF0Is4=
-65,-32,gHqWwB56RPP29NzRks01VVy1npE=,sIEBZXvn0ajslWGe2zpytIF0Is4=
-67,-31,gHqWwB56RPP29NzRks01VVy1npE=,sIEBZXvn0ajslWGe2zpytIF0Is4=
-78,-19,gHqWwB56RPP29NzRks01VVy1npE=,sIEBZXvn0ajslWGe2zpytIF0Is4=
-79,-19,gHqWwB56RPP29NzRks01VVy1npE=,sIEBZXvn0ajslWGe2zpytIF0Is4=
-80,-19,gHqWwB56RPP29NzRks01VVy1npE=,sIEBZXvn0ajslWGe2zpytIF0Is4=
-68,-19,gHqWwB56RPP29NzRks01VVy1npE=,sIEBZXvn0ajslWGe2zpytIF0Is4=
-72,-19,gHqWwB56RPP29NzRks01VVy1npE=,sIEBZXvn0ajslWGe2zpytIF0Is4=
-73,-19,gHqWwB56RPP29NzRks01VVy1npE=,sIEBZXvn0ajslWGe2zpytIF0Is4=
-66,-20,gHqWwB56RPP29NzRks01VVy1npE=,sIEBZXvn0ajslWGe2zpytIF0Is4=
-65,-20,gHqWwB56RPP29NzRks01VVy1npE=,sIEBZXvn0ajslWGe2zpytIF0Is4=
-67,-20,gHqWwB56RPP29NzRks01VVy1npE=,sIEBZXvn0ajslWGe2zpytIF0Is4=
-68,-31,gHqWwB56RPP29NzRks01VVy1npE=,sIEBZXvn0ajslWGe2zpytIF0Is4=
-75,-30,gHqWwB56RPP29NzRks01VVy1npE=,sIEBZXvn0ajslWGe2zpytIF0Is4=
-69,-19,gHqWwB56RPP29NzRks01VVy1npE=,sIEBZXvn0ajslWGe2zpytIF0Is4=
-72,-29,gHqWwB56RPP29NzRks01VVy1npE=,sIEBZXvn0ajslWGe2zpytIF0Is4=
-79,-32,gHqWwB56RPP29NzRks01VVy1npE=,sIEBZXvn0ajslWGe2zpytIF0Is4=
-76,-20,gHqWwB56RPP29NzRks01VVy1npE=,sIEBZXvn0ajslWGe2zpytIF0Is4=
-66,-32,gHqWwB56RPP29NzRks01VVy1npE=,sIEBZXvn0ajslWGe2zpytIF0Is4=
-66,-19,gHqWwB56RPP29NzRks01VVy1npE=,sIEBZXvn0ajslWGe2zpytIF0Is4=
-77,-20,gHqWwB56RPP29NzRks01VVy1npE=,sIEBZXvn0ajslWGe2zpytIF0Is4=
-72,-20,gHqWwB56RPP29NzRks01VVy1npE=,sIEBZXvn0ajslWGe2zpytIF0Is4=
-78,-20,gHqWwB56RPP29NzRks01VVy1npE=,sIEBZXvn0ajslWGe2zpytIF0Is4=
-79,-20,gHqWwB56RPP29NzRks01VVy1npE=,sIEBZXvn0ajslWGe2zpytIF0Is4=
-80,-20,gHqWwB56RPP29NzRks01VVy1npE=,sIEBZXvn0ajslWGe2zpytIF0Is4=
-73,-20,gHqWwB56RPP29NzRks01VVy1npE=,sIEBZXvn0ajslWGe2zpytIF0Is4=
-74,-20,gHqWwB56RPP29NzRks01VVy1npE=,sIEBZXvn0ajslWGe2zpytIF0Is4=
-70,-20,gHqWwB56RPP29NzRks01VVy1npE=,sIEBZXvn0ajslWGe2zpytIF0Is4=
-69,-31,gHqWwB56RPP29NzRks01VVy1npE=,sIEBZXvn0ajslWGe2zpytIF0Is4=
-69,-20,gHqWwB56RPP29NzRks01VVy1npE=,sIEBZXvn0ajslWGe2zpytIF0Is4=
-78,-31,gHqWwB56RPP29NzRks01VVy1npE=,sIEBZXvn0ajslWGe2zpytIF0Is4=
-73,-29,gHqWwB56RPP29NzRks01VVy1npE=,sIEBZXvn0ajslWGe2zpytIF0Is4=
-66,-21,gHqWwB56RPP29NzRks01VVy1npE=,sIEBZXvn0ajslWGe2zpytIF0Is4=
-67,-21,gHqWwB56RPP29NzRks01VVy1npE=,sIEBZXvn0ajslWGe2zpytIF0Is4=
-75,-20,gHqWwB56RPP29NzRks01VVy1npE=,sIEBZXvn0ajslWGe2zpytIF0Is4=
-71,-20,gHqWwB56RPP29NzRks01VVy1npE=,sIEBZXvn0ajslWGe2zpytIF0Is4=
-72,-21,gHqWwB56RPP29NzRks01VVy1npE=,sIEBZXvn0ajslWGe2zpytIF0Is4=
-70,-21,gHqWwB56RPP29NzRks01VVy1npE=,sIEBZXvn0ajslWGe2zpytIF0Is4=
-67,-32,gHqWwB56RPP29NzRks01VVy1npE=,sIEBZXvn0ajslWGe2zpytIF0Is4=
-69,-21,gHqWwB56RPP29NzRks01VVy1npE=,sIEBZXvn0ajslWGe2zpytIF0Is4=
-68,-20,gHqWwB56RPP29NzRks01VVy1npE=,sIEBZXvn0ajslWGe2zpytIF0Is4=
-78,-21,gHqWwB56RPP29NzRks01VVy1npE=,sIEBZXvn0ajslWGe2zpytIF0Is4=
-79,-21,gHqWwB56RPP29NzRks01VVy1npE=,sIEBZXvn0ajslWGe2zpytIF0Is4=
-75,-21,gHqWwB56RPP29NzRks01VVy1npE=,sIEBZXvn0ajslWGe2zpytIF0Is4=
-73,-21,gHqWwB56RPP29NzRks01VVy1npE=,sIEBZXvn0ajslWGe2zpytIF0Is4=
-71,-21,gHqWwB56RPP29NzRks01VVy1npE=,sIEBZXvn0ajslWGe2zpytIF0Is4=
-77,-21,gHqWwB56RPP29NzRks01VVy1npE=,sIEBZXvn0ajslWGe2zpytIF0Is4=
-74,-21,gHqWwB56RPP29NzRks01VVy1npE=,sIEBZXvn0ajslWGe2zpytIF0Is4=
-74,-29,gHqWwB56RPP29NzRks01VVy1npE=,sIEBZXvn0ajslWGe2zpytIF0Is4=
-80,-21,gHqWwB56RPP29NzRks01VVy1npE=,sIEBZXvn0ajslWGe2zpytIF0Is4=
-76,-21,gHqWwB56RPP29NzRks01VVy1npE=,sIEBZXvn0ajslWGe2zpytIF0Is4=
-70,-31,gHqWwB56RPP29NzRks01VVy1npE=,sIEBZXvn0ajslWGe2zpytIF0Is4=
-68,-22,gHqWwB56RPP29NzRks01VVy1npE=,sIEBZXvn0ajslWGe2zpytIF0Is4=
-65,-22,gHqWwB56RPP29NzRks01VVy1npE=,sIEBZXvn0ajslWGe2zpytIF0Is4=
-67,-22,gHqWwB56RPP29NzRks01VVy1npE=,sIEBZXvn0ajslWGe2zpytIF0Is4=
-68,-32,gHqWwB56RPP29NzRks01VVy1npE=,sIEBZXvn0ajslWGe2zpytIF0Is4=
-72,-22,gHqWwB56RPP29NzRks01VVy1npE=,sIEBZXvn0ajslWGe2zpytIF0Is4=
-65,-21,gHqWwB56RPP29NzRks01VVy1npE=,sIEBZXvn0ajslWGe2zpytIF0Is4=
-70,-22,gHqWwB56RPP29NzRks01VVy1npE=,sIEBZXvn0ajslWGe2zpytIF0Is4=
-68,-21,gHqWwB56RPP29NzRks01VVy1npE=,sIEBZXvn0ajslWGe2zpytIF0Is4=
-75,-22,gHqWwB56RPP29NzRks01VVy1npE=,sIEBZXvn0ajslWGe2zpytIF0Is4=
-75,-29,gHqWwB56RPP29NzRks01VVy1npE=,sIEBZXvn0ajslWGe2zpytIF0Is4=
-79,-22,gHqWwB56RPP29NzRks01VVy1npE=,sIEBZXvn0ajslWGe2zpytIF0Is4=
-73,-22,gHqWwB56RPP29NzRks01VVy1npE=,sIEBZXvn0ajslWGe2zpytIF0Is4=
-78,-22,gHqWwB56RPP29NzRks01VVy1npE=,sIEBZXvn0ajslWGe2zpytIF0Is4=
-74,-22,gHqWwB56RPP29NzRks01VVy1npE=,sIEBZXvn0ajslWGe2zpytIF0Is4=
-71,-22,gHqWwB56RPP29NzRks01VVy1npE=,sIEBZXvn0ajslWGe2zpytIF0Is4=
-71,-31,gHqWwB56RPP29NzRks01VVy1npE=,sIEBZXvn0ajslWGe2zpytIF0Is4=
-80,-22,gHqWwB56RPP29NzRks01VVy1npE=,sIEBZXvn0ajslWGe2zpytIF0Is4=
-77,-22,gHqWwB56RPP29NzRks01VVy1npE=,sIEBZXvn0ajslWGe2zpytIF0Is4=
-76,-22,gHqWwB56RPP29NzRks01VVy1npE=,sIEBZXvn0ajslWGe2zpytIF0Is4=
-66,-22,gHqWwB56RPP29NzRks01VVy1npE=,sIEBZXvn0ajslWGe2zpytIF0Is4=
-67,-23,gHqWwB56RPP29NzRks01VVy1npE=,sIEBZXvn0ajslWGe2zpytIF0Is4=
-65,-23,gHqWwB56RPP29NzRks01VVy1npE=,sIEBZXvn0ajslWGe2zpytIF0Is4=
-69,-32,gHqWwB56RPP29NzRks01VVy1npE=,sIEBZXvn0ajslWGe2zpytIF0Is4=
-71,-23,gHqWwB56RPP29NzRks01VVy1npE=,sIEBZXvn0ajslWGe2zpytIF0Is4=
-70,-23,gHqWwB56RPP29NzRks01VVy1npE=,sIEBZXvn0ajslWGe2zpytIF0Is4=
-73,-23,gHqWwB56RPP29NzRks01VVy1npE=,sIEBZXvn0ajslWGe2zpytIF0Is4=
-72,-23,gHqWwB56RPP29NzRks01VVy1npE=,sIEBZXvn0ajslWGe2zpytIF0Is4=
-66,-23,gHqWwB56RPP29NzRks01VVy1npE=,sIEBZXvn0ajslWGe2zpytIF0Is4=
-69,-23,gHqWwB56RPP29NzRks01VVy1npE=,sIEBZXvn0ajslWGe2zpytIF0Is4=
-69,-22,gHqWwB56RPP29NzRks01VVy1npE=,sIEBZXvn0ajslWGe2zpytIF0Is4=
-76,-29,gHqWwB56RPP29NzRks01VVy1npE=,sIEBZXvn0ajslWGe2zpytIF0Is4=
-75,-23,gHqWwB56RPP29NzRks01VVy1npE=,sIEBZXvn0ajslWGe2zpytIF0Is4=
-74,-23,gHqWwB56RPP29NzRks01VVy1npE=,sIEBZXvn0ajslWGe2zpytIF0Is4=
-77,-23,gHqWwB56RPP29NzRks01VVy1npE=,sIEBZXvn0ajslWGe2zpytIF0Is4=
-76,-23,gHqWwB56RPP29NzRks01VVy1npE=,sIEBZXvn0ajslWGe2zpytIF0Is4=
-78,-23,gHqWwB56RPP29NzRks01VVy1npE=,sIEBZXvn0ajslWGe2zpytIF0Is4=
-80,-23,gHqWwB56RPP29NzRks01VVy1npE=,sIEBZXvn0ajslWGe2zpytIF0Is4=
-79,-23,gHqWwB56RPP29NzRks01VVy1npE=,sIEBZXvn0ajslWGe2zpytIF0Is4=
-72,-31,gHqWwB56RPP29NzRks01VVy1npE=,sIEBZXvn0ajslWGe2zpytIF0Is4=
-70,-32,gHqWwB56RPP29NzRks01VVy1npE=,sIEBZXvn0ajslWGe2zpytIF0Is4=
-65,-24,gHqWwB56RPP29NzRks01VVy1npE=,sIEBZXvn0ajslWGe2zpytIF0Is4=
-72,-24,gHqWwB56RPP29NzRks01VVy1npE=,sIEBZXvn0ajslWGe2zpytIF0Is4=
-79,-28,gHqWwB56RPP29NzRks01VVy1npE=,sIEBZXvn0ajslWGe2zpytIF0Is4=
-69,-24,gHqWwB56RPP29NzRks01VVy1npE=,sIEBZXvn0ajslWGe2zpytIF0Is4=
-70,-24,gHqWwB56RPP29NzRks01VVy1npE=,sIEBZXvn0ajslWGe2zpytIF0Is4=
-68,-24,gHqWwB56RPP29NzRks01VVy1npE=,sIEBZXvn0ajslWGe2zpytIF0Is4=
-74,-24,gHqWwB56RPP29NzRks01VVy1npE=,sIEBZXvn0ajslWGe2zpytIF0Is4=
-77,-24,gHqWwB56RPP29NzRks01VVy1npE=,sIEBZXvn0ajslWGe2zpytIF0Is4=
-77,-29,gHqWwB56RPP29NzRks01VVy1npE=,sIEBZXvn0ajslWGe2zpytIF0Is4=
-66,-24,gHqWwB56RPP29NzRks01VVy1npE=,sIEBZXvn0ajslWGe2zpytIF0Is4=
-68,-23,gHqWwB56RPP29NzRks01VVy1npE=,sIEBZXvn0ajslWGe2zpytIF0Is4=
-78,-24,gHqWwB56RPP29NzRks01VVy1npE=,sIEBZXvn0ajslWGe2zpytIF0Is4=
-73,-31,gHqWwB56RPP29NzRks01VVy1npE=,sIEBZXvn0ajslWGe2zpytIF0Is4=
-73,-24,gHqWwB56RPP29NzRks01VVy1npE=,sIEBZXvn0ajslWGe2zpytIF0Is4=
-76,-24,gHqWwB56RPP29NzRks01VVy1npE=,sIEBZXvn0ajslWGe2zpytIF0Is4=
-79,-24,gHqWwB56RPP29NzRks01VVy1npE=,sIEBZXvn0ajslWGe2zpytIF0Is4=
-80,-24,gHqWwB56RPP29NzRks01VVy1npE=,sIEBZXvn0ajslWGe2zpytIF0Is4=
-68,-25,gHqWwB56RPP29NzRks01VVy1npE=,sIEBZXvn0ajslWGe2zpytIF0Is4=
-69,-25,gHqWwB56RPP29NzRks01VVy1npE=,sIEBZXvn0ajslWGe2zpytIF0Is4=
-70,-25,gHqWwB56RPP29NzRks01VVy1npE=,sIEBZXvn0ajslWGe2zpytIF0Is4=
-71,-32,gHqWwB56RPP29NzRks01VVy1npE=,sIEBZXvn0ajslWGe2zpytIF0Is4=
-75,-24,gHqWwB56RPP29NzRks01VVy1npE=,sIEBZXvn0ajslWGe2zpytIF0Is4=
-66,-25,gHqWwB56RPP29NzRks01VVy1npE=,sIEBZXvn0ajslWGe2zpytIF0Is4=
-71,-24,gHqWwB56RPP29NzRks01VVy1npE=,sIEBZXvn0ajslWGe2zpytIF0Is4=
-71,-25,gHqWwB56RPP29NzRks01VVy1npE=,sIEBZXvn0ajslWGe2zpytIF0Is4=
-73,-25,gHqWwB56RPP29NzRks01VVy1npE=,sIEBZXvn0ajslWGe2zpytIF0Is4=
-75,-25,gHqWwB56RPP29NzRks01VVy1npE=,sIEBZXvn0ajslWGe2zpytIF0Is4=
-72,-25,gHqWwB56RPP29NzRks01VVy1npE=,sIEBZXvn0ajslWGe2zpytIF0Is4=
-76,-25,gHqWwB56RPP29NzRks01VVy1npE=,sIEBZXvn0ajslWGe2zpytIF0Is4=
-78,-29,gHqWwB56RPP29NzRks01VVy1npE=,sIEBZXvn0ajslWGe2zpytIF0Is4=
-78,-25,gHqWwB56RPP29NzRks01VVy1npE=,sIEBZXvn0ajslWGe2zpytIF0Is4=
-67,-25,gHqWwB56RPP29NzRks01VVy1npE=,sIEBZXvn0ajslWGe2zpytIF0Is4=
-65,-25,gHqWwB56RPP29NzRks01VVy1npE=,sIEBZXvn0ajslWGe2zpytIF0Is4=
-79,-25,gHqWwB56RPP29NzRks01VVy1npE=,sIEBZXvn0ajslWGe2zpytIF0Is4=
-72,-32,gHqWwB56RPP29NzRks01VVy1npE=,sIEBZXvn0ajslWGe2zpytIF0Is4=
-65,-26,gHqWwB56RPP29NzRks01VVy1npE=,sIEBZXvn0ajslWGe2zpytIF0Is4=
-80,-25,gHqWwB56RPP29NzRks01VVy1npE=,sIEBZXvn0ajslWGe2zpytIF0Is4=
-78,-28,gHqWwB56RPP29NzRks01VVy1npE=,sIEBZXvn0ajslWGe2zpytIF0Is4=
-70,-26,gHqWwB56RPP29NzRks01VVy1npE=,sIEBZXvn0ajslWGe2zpytIF0Is4=
-68,-26,gHqWwB56RPP29NzRks01VVy1npE=,sIEBZXvn0ajslWGe2zpytIF0Is4=
-69,-26,gHqWwB56RPP29NzRks01VVy1npE=,sIEBZXvn0ajslWGe2zpytIF0Is4=
-66,-26,gHqWwB56RPP29NzRks01VVy1npE=,sIEBZXvn0ajslWGe2zpytIF0Is4=
-77,-25,gHqWwB56RPP29NzRks01VVy1npE=,sIEBZXvn0ajslWGe2zpytIF0Is4=
-71,-26,gHqWwB56RPP29NzRks01VVy1npE=,sIEBZXvn0ajslWGe2zpytIF0Is4=
-72,-26,gHqWwB56RPP29NzRks01VVy1npE=,sIEBZXvn0ajslWGe2zpytIF0Is4=
-76,-26,gHqWwB56RPP29NzRks01VVy1npE=,sIEBZXvn0ajslWGe2zpytIF0Is4=
-73,-26,gHqWwB56RPP29NzRks01VVy1npE=,sIEBZXvn0ajslWGe2zpytIF0Is4=
-75,-26,gHqWwB56RPP29NzRks01VVy1npE=,sIEBZXvn0ajslWGe2zpytIF0Is4=
-75,-31,gHqWwB56RPP29NzRks01VVy1npE=,sIEBZXvn0ajslWGe2zpytIF0Is4=
-65,-27,gHqWwB56RPP29NzRks01VVy1npE=,sIEBZXvn0ajslWGe2zpytIF0Is4=
-74,-31,gHqWwB56RPP29NzRks01VVy1npE=,sIEBZXvn0ajslWGe2zpytIF0Is4=
-80,-26,gHqWwB56RPP29NzRks01VVy1npE=,sIEBZXvn0ajslWGe2zpytIF0Is4=
-73,-32,gHqWwB56RPP29NzRks01VVy1npE=,sIEBZXvn0ajslWGe2zpytIF0Is4=
-78,-26,gHqWwB56RPP29NzRks01VVy1npE=,sIEBZXvn0ajslWGe2zpytIF0Is4=
-77,-28,gHqWwB56RPP29NzRks01VVy1npE=,sIEBZXvn0ajslWGe2zpytIF0Is4=
-67,-24,gHqWwB56RPP29NzRks01VVy1npE=,sIEBZXvn0ajslWGe2zpytIF0Is4=
-77,-26,gHqWwB56RPP29NzRks01VVy1npE=,sIEBZXvn0ajslWGe2zpytIF0Is4=
-68,-27,gHqWwB56RPP29NzRks01VVy1npE=,sIEBZXvn0ajslWGe2zpytIF0Is4=
-69,-27,gHqWwB56RPP29NzRks01VVy1npE=,sIEBZXvn0ajslWGe2zpytIF0Is4=
-80,-29,gHqWwB56RPP29NzRks01VVy1npE=,sIEBZXvn0ajslWGe2zpytIF0Is4=
-76,-31,gHqWwB56RPP29NzRks01VVy1npE=,sIEBZXvn0ajslWGe2zpytIF0Is4=
-67,-27,gHqWwB56RPP29NzRks01VVy1npE=,sIEBZXvn0ajslWGe2zpytIF0Is4=
-66,-27,gHqWwB56RPP29NzRks01VVy1npE=,sIEBZXvn0ajslWGe2zpytIF0Is4=
-70,-27,gHqWwB56RPP29NzRks01VVy1npE=,sIEBZXvn0ajslWGe2zpytIF0Is4=
-76,-28,gHqWwB56RPP29NzRks01VVy1npE=,sIEBZXvn0ajslWGe2zpytIF0Is4=
-71,-27,gHqWwB56RPP29NzRks01VVy1npE=,sIEBZXvn0ajslWGe2zpytIF0Is4=
-72,-27,gHqWwB56RPP29NzRks01VVy1npE=,sIEBZXvn0ajslWGe2zpytIF0Is4=
-74,-27,gHqWwB56RPP29NzRks01VVy1npE=,sIEBZXvn0ajslWGe2zpytIF0Is4=
-73,-27,gHqWwB56RPP29NzRks01VVy1npE=,sIEBZXvn0ajslWGe2zpytIF0Is4=
-65,-28,gHqWwB56RPP29NzRks01VVy1npE=,sIEBZXvn0ajslWGe2zpytIF0Is4=
-75,-27,gHqWwB56RPP29NzRks01VVy1npE=,sIEBZXvn0ajslWGe2zpytIF0Is4=
-80,-27,gHqWwB56RPP29NzRks01VVy1npE=,sIEBZXvn0ajslWGe2zpytIF0Is4=
-67,-28,gHqWwB56RPP29NzRks01VVy1npE=,sIEBZXvn0ajslWGe2zpytIF0Is4=
-74,-32,gHqWwB56RPP29NzRks01VVy1npE=,sIEBZXvn0ajslWGe2zpytIF0Is4=
-65,-30,gHqWwB56RPP29NzRks01VVy1npE=,sIEBZXvn0ajslWGe2zpytIF0Is4=
-77,-27,gHqWwB56RPP29NzRks01VVy1npE=,sIEBZXvn0ajslWGe2zpytIF0Is4=
-66,-28,gHqWwB56RPP29NzRks01VVy1npE=,sIEBZXvn0ajslWGe2zpytIF0Is4=
-79,-27,gHqWwB56RPP29NzRks01VVy1npE=,sIEBZXvn0ajslWGe2zpytIF0Is4=
-78,-27,gHqWwB56RPP29NzRks01VVy1npE=,sIEBZXvn0ajslWGe2zpytIF0Is4=
-77,-31,gHqWwB56RPP29NzRks01VVy1npE=,sIEBZXvn0ajslWGe2zpytIF0Is4=
-70,-28,gHqWwB56RPP29NzRks01VVy1npE=,sIEBZXvn0ajslWGe2zpytIF0Is4=
-79,-29,gHqWwB56RPP29NzRks01VVy1npE=,sIEBZXvn0ajslWGe2zpytIF0Is4=
-74,-26,gHqWwB56RPP29NzRks01VVy1npE=,sIEBZXvn0ajslWGe2zpytIF0Is4=
-68,-28,gHqWwB56RPP29NzRks01VVy1npE=,sIEBZXvn0ajslWGe2zpytIF0Is4=
-71,-28,gHqWwB56RPP29NzRks01VVy1npE=,sIEBZXvn0ajslWGe2zpytIF0Is4=
-74,-25,gHqWwB56RPP29NzRks01VVy1npE=,sIEBZXvn0ajslWGe2zpytIF0Is4=
-69,-28,gHqWwB56RPP29NzRks01VVy1npE=,sIEBZXvn0ajslWGe2zpytIF0Is4=
-76,-27,gHqWwB56RPP29NzRks01VVy1npE=,sIEBZXvn0ajslWGe2zpytIF0Is4=
-73,-28,gHqWwB56RPP29NzRks01VVy1npE=,sIEBZXvn0ajslWGe2zpytIF0Is4=
-74,-28,gHqWwB56RPP29NzRks01VVy1npE=,sIEBZXvn0ajslWGe2zpytIF0Is4=
-75,-28,gHqWwB56RPP29NzRks01VVy1npE=,sIEBZXvn0ajslWGe2zpytIF0Is4=
-79,-26,gHqWwB56RPP29NzRks01VVy1npE=,sIEBZXvn0ajslWGe2zpytIF0Is4=
-72,-28,gHqWwB56RPP29NzRks01VVy1npE=,sIEBZXvn0ajslWGe2zpytIF0Is4=
-67,-26,gHqWwB56RPP29NzRks01VVy1npE=,sIEBZXvn0ajslWGe2zpytIF0Is4=
-93,-32,OciLBRWZmuEbmpxvoURmX8zykFI=,HnWECFlu79yzrSm0UYAC6ESRfeI=
-81,-17,OciLBRWZmuEbmpxvoURmX8zykFI=,HnWECFlu79yzrSm0UYAC6ESRfeI=
-83,-30,OciLBRWZmuEbmpxvoURmX8zykFI=,HnWECFlu79yzrSm0UYAC6ESRfeI=
-81,-31,OciLBRWZmuEbmpxvoURmX8zykFI=,HnWECFlu79yzrSm0UYAC6ESRfeI=
-85,-30,OciLBRWZmuEbmpxvoURmX8zykFI=,HnWECFlu79yzrSm0UYAC6ESRfeI=
-84,-30,OciLBRWZmuEbmpxvoURmX8zykFI=,HnWECFlu79yzrSm0UYAC6ESRfeI=
-84,-29,OciLBRWZmuEbmpxvoURmX8zykFI=,HnWECFlu79yzrSm0UYAC6ESRfeI=
-91,-30,OciLBRWZmuEbmpxvoURmX8zykFI=,HnWECFlu79yzrSm0UYAC6ESRfeI=
-86,-30,OciLBRWZmuEbmpxvoURmX8zykFI=,HnWECFlu79yzrSm0UYAC6ESRfeI=
-93,-30,OciLBRWZmuEbmpxvoURmX8zykFI=,HnWECFlu79yzrSm0UYAC6ESRfeI=
-92,-30,OciLBRWZmuEbmpxvoURmX8zykFI=,HnWECFlu79yzrSm0UYAC6ESRfeI=
-94,-30,OciLBRWZmuEbmpxvoURmX8zykFI=,HnWECFlu79yzrSm0UYAC6ESRfeI=
-95,-30,OciLBRWZmuEbmpxvoURmX8zykFI=,HnWECFlu79yzrSm0UYAC6ESRfeI=
-82,-17,OciLBRWZmuEbmpxvoURmX8zykFI=,HnWECFlu79yzrSm0UYAC6ESRfeI=
-96,-30,OciLBRWZmuEbmpxvoURmX8zykFI=,HnWECFlu79yzrSm0UYAC6ESRfeI=
-83,-17,OciLBRWZmuEbmpxvoURmX8zykFI=,HnWECFlu79yzrSm0UYAC6ESRfeI=
-85,-17,OciLBRWZmuEbmpxvoURmX8zykFI=,HnWECFlu79yzrSm0UYAC6ESRfeI=
-86,-17,OciLBRWZmuEbmpxvoURmX8zykFI=,HnWECFlu79yzrSm0UYAC6ESRfeI=
-84,-17,OciLBRWZmuEbmpxvoURmX8zykFI=,HnWECFlu79yzrSm0UYAC6ESRfeI=
-87,-17,OciLBRWZmuEbmpxvoURmX8zykFI=,HnWECFlu79yzrSm0UYAC6ESRfeI=
-88,-17,OciLBRWZmuEbmpxvoURmX8zykFI=,HnWECFlu79yzrSm0UYAC6ESRfeI=
-89,-17,OciLBRWZmuEbmpxvoURmX8zykFI=,HnWECFlu79yzrSm0UYAC6ESRfeI=
-91,-17,OciLBRWZmuEbmpxvoURmX8zykFI=,HnWECFlu79yzrSm0UYAC6ESRfeI=
-90,-17,OciLBRWZmuEbmpxvoURmX8zykFI=,HnWECFlu79yzrSm0UYAC6ESRfeI=
-92,-17,OciLBRWZmuEbmpxvoURmX8zykFI=,HnWECFlu79yzrSm0UYAC6ESRfeI=
-93,-17,OciLBRWZmuEbmpxvoURmX8zykFI=,HnWECFlu79yzrSm0UYAC6ESRfeI=
-94,-32,OciLBRWZmuEbmpxvoURmX8zykFI=,HnWECFlu79yzrSm0UYAC6ESRfeI=
-94,-17,OciLBRWZmuEbmpxvoURmX8zykFI=,HnWECFlu79yzrSm0UYAC6ESRfeI=
-82,-30,OciLBRWZmuEbmpxvoURmX8zykFI=,HnWECFlu79yzrSm0UYAC6ESRfeI=
-92,-32,OciLBRWZmuEbmpxvoURmX8zykFI=,HnWECFlu79yzrSm0UYAC6ESRfeI=
-87,-30,OciLBRWZmuEbmpxvoURmX8zykFI=,HnWECFlu79yzrSm0UYAC6ESRfeI=
-88,-30,OciLBRWZmuEbmpxvoURmX8zykFI=,HnWECFlu79yzrSm0UYAC6ESRfeI=
-95,-17,OciLBRWZmuEbmpxvoURmX8zykFI=,HnWECFlu79yzrSm0UYAC6ESRfeI=
-96,-17,OciLBRWZmuEbmpxvoURmX8zykFI=,HnWECFlu79yzrSm0UYAC6ESRfeI=
-90,-30,OciLBRWZmuEbmpxvoURmX8zykFI=,HnWECFlu79yzrSm0UYAC6ESRfeI=
-81,-18,OciLBRWZmuEbmpxvoURmX8zykFI=,HnWECFlu79yzrSm0UYAC6ESRfeI=
-82,-18,OciLBRWZmuEbmpxvoURmX8zykFI=,HnWECFlu79yzrSm0UYAC6ESRfeI=
-83,-18,OciLBRWZmuEbmpxvoURmX8zykFI=,HnWECFlu79yzrSm0UYAC6ESRfeI=
-84,-18,OciLBRWZmuEbmpxvoURmX8zykFI=,HnWECFlu79yzrSm0UYAC6ESRfeI=
-85,-18,OciLBRWZmuEbmpxvoURmX8zykFI=,HnWECFlu79yzrSm0UYAC6ESRfeI=
-86,-18,OciLBRWZmuEbmpxvoURmX8zykFI=,HnWECFlu79yzrSm0UYAC6ESRfeI=
-87,-18,OciLBRWZmuEbmpxvoURmX8zykFI=,HnWECFlu79yzrSm0UYAC6ESRfeI=
-88,-18,OciLBRWZmuEbmpxvoURmX8zykFI=,HnWECFlu79yzrSm0UYAC6ESRfeI=
-90,-18,OciLBRWZmuEbmpxvoURmX8zykFI=,HnWECFlu79yzrSm0UYAC6ESRfeI=
-89,-18,OciLBRWZmuEbmpxvoURmX8zykFI=,HnWECFlu79yzrSm0UYAC6ESRfeI=
-91,-18,OciLBRWZmuEbmpxvoURmX8zykFI=,HnWECFlu79yzrSm0UYAC6ESRfeI=
-92,-18,OciLBRWZmuEbmpxvoURmX8zykFI=,HnWECFlu79yzrSm0UYAC6ESRfeI=
-93,-18,OciLBRWZmuEbmpxvoURmX8zykFI=,HnWECFlu79yzrSm0UYAC6ESRfeI=
-89,-30,OciLBRWZmuEbmpxvoURmX8zykFI=,HnWECFlu79yzrSm0UYAC6ESRfeI=
-94,-18,OciLBRWZmuEbmpxvoURmX8zykFI=,HnWECFlu79yzrSm0UYAC6ESRfeI=
-95,-18,OciLBRWZmuEbmpxvoURmX8zykFI=,HnWECFlu79yzrSm0UYAC6ESRfeI=
-96,-31,OciLBRWZmuEbmpxvoURmX8zykFI=,HnWECFlu79yzrSm0UYAC6ESRfeI=
-95,-31,OciLBRWZmuEbmpxvoURmX8zykFI=,HnWECFlu79yzrSm0UYAC6ESRfeI=
-96,-18,OciLBRWZmuEbmpxvoURmX8zykFI=,HnWECFlu79yzrSm0UYAC6ESRfeI=
-95,-32,OciLBRWZmuEbmpxvoURmX8zykFI=,HnWECFlu79yzrSm0UYAC6ESRfeI=
-81,-19,OciLBRWZmuEbmpxvoURmX8zykFI=,HnWECFlu79yzrSm0UYAC6ESRfeI=
-82,-19,OciLBRWZmuEbmpxvoURmX8zykFI=,HnWECFlu79yzrSm0UYAC6ESRfeI=
-84,-19,OciLBRWZmuEbmpxvoURmX8zykFI=,HnWECFlu79yzrSm0UYAC6ESRfeI=
-85,-19,OciLBRWZmuEbmpxvoURmX8zykFI=,HnWECFlu79yzrSm0UYAC6ESRfeI=
-83,-19,OciLBRWZmuEbmpxvoURmX8zykFI=,HnWECFlu79yzrSm0UYAC6ESRfeI=
-87,-19,OciLBRWZmuEbmpxvoURmX8zykFI=,HnWECFlu79yzrSm0UYAC6ESRfeI=
-86,-19,OciLBRWZmuEbmpxvoURmX8zykFI=,HnWECFlu79yzrSm0UYAC6ESRfeI=
-88,-19,OciLBRWZmuEbmpxvoURmX8zykFI=,HnWECFlu79yzrSm0UYAC6ESRfeI=
-89,-19,OciLBRWZmuEbmpxvoURmX8zykFI=,HnWECFlu79yzrSm0UYAC6ESRfeI=
-90,-19,OciLBRWZmuEbmpxvoURmX8zykFI=,HnWECFlu79yzrSm0UYAC6ESRfeI=
-91,-19,OciLBRWZmuEbmpxvoURmX8zykFI=,HnWECFlu79yzrSm0UYAC6ESRfeI=
-92,-19,OciLBRWZmuEbmpxvoURmX8zykFI=,HnWECFlu79yzrSm0UYAC6ESRfeI=
-93,-19,OciLBRWZmuEbmpxvoURmX8zykFI=,HnWECFlu79yzrSm0UYAC6ESRfeI=
-88,-29,OciLBRWZmuEbmpxvoURmX8zykFI=,HnWECFlu79yzrSm0UYAC6ESRfeI=
-94,-19,OciLBRWZmuEbmpxvoURmX8zykFI=,HnWECFlu79yzrSm0UYAC6ESRfeI=
-95,-19,OciLBRWZmuEbmpxvoURmX8zykFI=,HnWECFlu79yzrSm0UYAC6ESRfeI=
-85,-29,OciLBRWZmuEbmpxvoURmX8zykFI=,HnWECFlu79yzrSm0UYAC6ESRfeI=
-96,-19,OciLBRWZmuEbmpxvoURmX8zykFI=,HnWECFlu79yzrSm0UYAC6ESRfeI=
-81,-20,OciLBRWZmuEbmpxvoURmX8zykFI=,HnWECFlu79yzrSm0UYAC6ESRfeI=
-82,-20,OciLBRWZmuEbmpxvoURmX8zykFI=,HnWECFlu79yzrSm0UYAC6ESRfeI=
-83,-20,OciLBRWZmuEbmpxvoURmX8zykFI=,HnWECFlu79yzrSm0UYAC6ESRfeI=
-84,-20,OciLBRWZmuEbmpxvoURmX8zykFI=,HnWECFlu79yzrSm0UYAC6ESRfeI=
-85,-20,OciLBRWZmuEbmpxvoURmX8zykFI=,HnWECFlu79yzrSm0UYAC6ESRfeI=
-86,-20,OciLBRWZmuEbmpxvoURmX8zykFI=,HnWECFlu79yzrSm0UYAC6ESRfeI=
-87,-20,OciLBRWZmuEbmpxvoURmX8zykFI=,HnWECFlu79yzrSm0UYAC6ESRfeI=
-88,-20,OciLBRWZmuEbmpxvoURmX8zykFI=,HnWECFlu79yzrSm0UYAC6ESRfeI=
-89,-20,OciLBRWZmuEbmpxvoURmX8zykFI=,HnWECFlu79yzrSm0UYAC6ESRfeI=
-91,-20,OciLBRWZmuEbmpxvoURmX8zykFI=,HnWECFlu79yzrSm0UYAC6ESRfeI=
-92,-20,OciLBRWZmuEbmpxvoURmX8zykFI=,HnWECFlu79yzrSm0UYAC6ESRfeI=
-90,-20,OciLBRWZmuEbmpxvoURmX8zykFI=,HnWECFlu79yzrSm0UYAC6ESRfeI=
-87,-29,OciLBRWZmuEbmpxvoURmX8zykFI=,HnWECFlu79yzrSm0UYAC6ESRfeI=
-89,-29,OciLBRWZmuEbmpxvoURmX8zykFI=,HnWECFlu79yzrSm0UYAC6ESRfeI=
-93,-20,OciLBRWZmuEbmpxvoURmX8zykFI=,HnWECFlu79yzrSm0UYAC6ESRfeI=
-94,-20,OciLBRWZmuEbmpxvoURmX8zykFI=,HnWECFlu79yzrSm0UYAC6ESRfeI=
-95,-20,OciLBRWZmuEbmpxvoURmX8zykFI=,HnWECFlu79yzrSm0UYAC6ESRfeI=
-96,-20,OciLBRWZmuEbmpxvoURmX8zykFI=,HnWECFlu79yzrSm0UYAC6ESRfeI=
-86,-29,OciLBRWZmuEbmpxvoURmX8zykFI=,HnWECFlu79yzrSm0UYAC6ESRfeI=
-81,-21,OciLBRWZmuEbmpxvoURmX8zykFI=,HnWECFlu79yzrSm0UYAC6ESRfeI=
-82,-21,OciLBRWZmuEbmpxvoURmX8zykFI=,HnWECFlu79yzrSm0UYAC6ESRfeI=
-83,-31,OciLBRWZmuEbmpxvoURmX8zykFI=,HnWECFlu79yzrSm0UYAC6ESRfeI=
-83,-21,OciLBRWZmuEbmpxvoURmX8zykFI=,HnWECFlu79yzrSm0UYAC6ESRfeI=
-84,-21,OciLBRWZmuEbmpxvoURmX8zykFI=,HnWECFlu79yzrSm0UYAC6ESRfeI=
-86,-21,OciLBRWZmuEbmpxvoURmX8zykFI=,HnWECFlu79yzrSm0UYAC6ESRfeI=
-85,-21,OciLBRWZmuEbmpxvoURmX8zykFI=,HnWECFlu79yzrSm0UYAC6ESRfeI=
-87,-21,OciLBRWZmuEbmpxvoURmX8zykFI=,HnWECFlu79yzrSm0UYAC6ESRfeI=
-89,-21,OciLBRWZmuEbmpxvoURmX8zykFI=,HnWECFlu79yzrSm0UYAC6ESRfeI=
-88,-21,OciLBRWZmuEbmpxvoURmX8zykFI=,HnWECFlu79yzrSm0UYAC6ESRfeI=
-90,-21,OciLBRWZmuEbmpxvoURmX8zykFI=,HnWECFlu79yzrSm0UYAC6ESRfeI=
-91,-21,OciLBRWZmuEbmpxvoURmX8zykFI=,HnWECFlu79yzrSm0UYAC6ESRfeI=
-90,-29,OciLBRWZmuEbmpxvoURmX8zykFI=,HnWECFlu79yzrSm0UYAC6ESRfeI=
-92,-21,OciLBRWZmuEbmpxvoURmX8zykFI=,HnWECFlu79yzrSm0UYAC6ESRfeI=
-93,-21,OciLBRWZmuEbmpxvoURmX8zykFI=,HnWECFlu79yzrSm0UYAC6ESRfeI=
-94,-21,OciLBRWZmuEbmpxvoURmX8zykFI=,HnWECFlu79yzrSm0UYAC6ESRfeI=
-95,-21,OciLBRWZmuEbmpxvoURmX8zykFI=,HnWECFlu79yzrSm0UYAC6ESRfeI=
-96,-21,OciLBRWZmuEbmpxvoURmX8zykFI=,HnWECFlu79yzrSm0UYAC6ESRfeI=
-81,-32,OciLBRWZmuEbmpxvoURmX8zykFI=,HnWECFlu79yzrSm0UYAC6ESRfeI=
-81,-22,OciLBRWZmuEbmpxvoURmX8zykFI=,HnWECFlu79yzrSm0UYAC6ESRfeI=
-82,-22,OciLBRWZmuEbmpxvoURmX8zykFI=,HnWECFlu79yzrSm0UYAC6ESRfeI=
-83,-22,OciLBRWZmuEbmpxvoURmX8zykFI=,HnWECFlu79yzrSm0UYAC6ESRfeI=
-84,-22,OciLBRWZmuEbmpxvoURmX8zykFI=,HnWECFlu79yzrSm0UYAC6ESRfeI=
-85,-22,OciLBRWZmuEbmpxvoURmX8zykFI=,HnWECFlu79yzrSm0UYAC6ESRfeI=
-86,-22,OciLBRWZmuEbmpxvoURmX8zykFI=,HnWECFlu79yzrSm0UYAC6ESRfeI=
-87,-22,OciLBRWZmuEbmpxvoURmX8zykFI=,HnWECFlu79yzrSm0UYAC6ESRfeI=
-88,-22,OciLBRWZmuEbmpxvoURmX8zykFI=,HnWECFlu79yzrSm0UYAC6ESRfeI=
-89,-22,OciLBRWZmuEbmpxvoURmX8zykFI=,HnWECFlu79yzrSm0UYAC6ESRfeI=
-90,-22,OciLBRWZmuEbmpxvoURmX8zykFI=,HnWECFlu79yzrSm0UYAC6ESRfeI=
-84,-31,OciLBRWZmuEbmpxvoURmX8zykFI=,HnWECFlu79yzrSm0UYAC6ESRfeI=
-91,-29,OciLBRWZmuEbmpxvoURmX8zykFI=,HnWECFlu79yzrSm0UYAC6ESRfeI=
-91,-22,OciLBRWZmuEbmpxvoURmX8zykFI=,HnWECFlu79yzrSm0UYAC6ESRfeI=
-92,-22,OciLBRWZmuEbmpxvoURmX8zykFI=,HnWECFlu79yzrSm0UYAC6ESRfeI=
-93,-22,OciLBRWZmuEbmpxvoURmX8zykFI=,HnWECFlu79yzrSm0UYAC6ESRfeI=
-94,-22,OciLBRWZmuEbmpxvoURmX8zykFI=,HnWECFlu79yzrSm0UYAC6ESRfeI=
-95,-22,OciLBRWZmuEbmpxvoURmX8zykFI=,HnWECFlu79yzrSm0UYAC6ESRfeI=
-96,-22,OciLBRWZmuEbmpxvoURmX8zykFI=,HnWECFlu79yzrSm0UYAC6ESRfeI=
-83,-29,OciLBRWZmuEbmpxvoURmX8zykFI=,HnWECFlu79yzrSm0UYAC6ESRfeI=
-82,-32,OciLBRWZmuEbmpxvoURmX8zykFI=,HnWECFlu79yzrSm0UYAC6ESRfeI=
-82,-31,OciLBRWZmuEbmpxvoURmX8zykFI=,HnWECFlu79yzrSm0UYAC6ESRfeI=
-82,-23,OciLBRWZmuEbmpxvoURmX8zykFI=,HnWECFlu79yzrSm0UYAC6ESRfeI=
-83,-23,OciLBRWZmuEbmpxvoURmX8zykFI=,HnWECFlu79yzrSm0UYAC6ESRfeI=
-84,-23,OciLBRWZmuEbmpxvoURmX8zykFI=,HnWECFlu79yzrSm0UYAC6ESRfeI=
-85,-23,OciLBRWZmuEbmpxvoURmX8zykFI=,HnWECFlu79yzrSm0UYAC6ESRfeI=
-86,-23,OciLBRWZmuEbmpxvoURmX8zykFI=,HnWECFlu79yzrSm0UYAC6ESRfeI=
-87,-23,OciLBRWZmuEbmpxvoURmX8zykFI=,HnWECFlu79yzrSm0UYAC6ESRfeI=
-88,-23,OciLBRWZmuEbmpxvoURmX8zykFI=,HnWECFlu79yzrSm0UYAC6ESRfeI=
-89,-23,OciLBRWZmuEbmpxvoURmX8zykFI=,HnWECFlu79yzrSm0UYAC6ESRfeI=
-84,-32,OciLBRWZmuEbmpxvoURmX8zykFI=,HnWECFlu79yzrSm0UYAC6ESRfeI=
-92,-29,OciLBRWZmuEbmpxvoURmX8zykFI=,HnWECFlu79yzrSm0UYAC6ESRfeI=
-90,-23,OciLBRWZmuEbmpxvoURmX8zykFI=,HnWECFlu79yzrSm0UYAC6ESRfeI=
-91,-23,OciLBRWZmuEbmpxvoURmX8zykFI=,HnWECFlu79yzrSm0UYAC6ESRfeI=
-92,-23,OciLBRWZmuEbmpxvoURmX8zykFI=,HnWECFlu79yzrSm0UYAC6ESRfeI=
-93,-23,OciLBRWZmuEbmpxvoURmX8zykFI=,HnWECFlu79yzrSm0UYAC6ESRfeI=
-94,-23,OciLBRWZmuEbmpxvoURmX8zykFI=,HnWECFlu79yzrSm0UYAC6ESRfeI=
-95,-23,OciLBRWZmuEbmpxvoURmX8zykFI=,HnWECFlu79yzrSm0UYAC6ESRfeI=
-96,-23,OciLBRWZmuEbmpxvoURmX8zykFI=,HnWECFlu79yzrSm0UYAC6ESRfeI=
-81,-23,OciLBRWZmuEbmpxvoURmX8zykFI=,HnWECFlu79yzrSm0UYAC6ESRfeI=
-82,-29,OciLBRWZmuEbmpxvoURmX8zykFI=,HnWECFlu79yzrSm0UYAC6ESRfeI=
-96,-32,OciLBRWZmuEbmpxvoURmX8zykFI=,HnWECFlu79yzrSm0UYAC6ESRfeI=
-94,-31,OciLBRWZmuEbmpxvoURmX8zykFI=,HnWECFlu79yzrSm0UYAC6ESRfeI=
-91,-32,OciLBRWZmuEbmpxvoURmX8zykFI=,HnWECFlu79yzrSm0UYAC6ESRfeI=
-85,-31,OciLBRWZmuEbmpxvoURmX8zykFI=,HnWECFlu79yzrSm0UYAC6ESRfeI=
-83,-32,OciLBRWZmuEbmpxvoURmX8zykFI=,HnWECFlu79yzrSm0UYAC6ESRfeI=
-85,-32,OciLBRWZmuEbmpxvoURmX8zykFI=,HnWECFlu79yzrSm0UYAC6ESRfeI=
-85,-24,OciLBRWZmuEbmpxvoURmX8zykFI=,HnWECFlu79yzrSm0UYAC6ESRfeI=
-86,-24,OciLBRWZmuEbmpxvoURmX8zykFI=,HnWECFlu79yzrSm0UYAC6ESRfeI=
-84,-24,OciLBRWZmuEbmpxvoURmX8zykFI=,HnWECFlu79yzrSm0UYAC6ESRfeI=
-87,-24,OciLBRWZmuEbmpxvoURmX8zykFI=,HnWECFlu79yzrSm0UYAC6ESRfeI=
-88,-24,OciLBRWZmuEbmpxvoURmX8zykFI=,HnWECFlu79yzrSm0UYAC6ESRfeI=
-83,-24,OciLBRWZmuEbmpxvoURmX8zykFI=,HnWECFlu79yzrSm0UYAC6ESRfeI=
-93,-29,OciLBRWZmuEbmpxvoURmX8zykFI=,HnWECFlu79yzrSm0UYAC6ESRfeI=
-89,-24,OciLBRWZmuEbmpxvoURmX8zykFI=,HnWECFlu79yzrSm0UYAC6ESRfeI=
-90,-24,OciLBRWZmuEbmpxvoURmX8zykFI=,HnWECFlu79yzrSm0UYAC6ESRfeI=
-91,-24,OciLBRWZmuEbmpxvoURmX8zykFI=,HnWECFlu79yzrSm0UYAC6ESRfeI=
-92,-24,OciLBRWZmuEbmpxvoURmX8zykFI=,HnWECFlu79yzrSm0UYAC6ESRfeI=
-93,-24,OciLBRWZmuEbmpxvoURmX8zykFI=,HnWECFlu79yzrSm0UYAC6ESRfeI=
-94,-24,OciLBRWZmuEbmpxvoURmX8zykFI=,HnWECFlu79yzrSm0UYAC6ESRfeI=
-95,-24,OciLBRWZmuEbmpxvoURmX8zykFI=,HnWECFlu79yzrSm0UYAC6ESRfeI=
-96,-24,OciLBRWZmuEbmpxvoURmX8zykFI=,HnWECFlu79yzrSm0UYAC6ESRfeI=
-96,-28,OciLBRWZmuEbmpxvoURmX8zykFI=,HnWECFlu79yzrSm0UYAC6ESRfeI=
-81,-29,OciLBRWZmuEbmpxvoURmX8zykFI=,HnWECFlu79yzrSm0UYAC6ESRfeI=
-95,-28,OciLBRWZmuEbmpxvoURmX8zykFI=,HnWECFlu79yzrSm0UYAC6ESRfeI=
-94,-28,OciLBRWZmuEbmpxvoURmX8zykFI=,HnWECFlu79yzrSm0UYAC6ESRfeI=
-93,-28,OciLBRWZmuEbmpxvoURmX8zykFI=,HnWECFlu79yzrSm0UYAC6ESRfeI=
-92,-28,OciLBRWZmuEbmpxvoURmX8zykFI=,HnWECFlu79yzrSm0UYAC6ESRfeI=
-91,-28,OciLBRWZmuEbmpxvoURmX8zykFI=,HnWECFlu79yzrSm0UYAC6ESRfeI=
-90,-28,OciLBRWZmuEbmpxvoURmX8zykFI=,HnWECFlu79yzrSm0UYAC6ESRfeI=
-89,-28,OciLBRWZmuEbmpxvoURmX8zykFI=,HnWECFlu79yzrSm0UYAC6ESRfeI=
-88,-28,OciLBRWZmuEbmpxvoURmX8zykFI=,HnWECFlu79yzrSm0UYAC6ESRfeI=
-87,-28,OciLBRWZmuEbmpxvoURmX8zykFI=,HnWECFlu79yzrSm0UYAC6ESRfeI=
-86,-31,OciLBRWZmuEbmpxvoURmX8zykFI=,HnWECFlu79yzrSm0UYAC6ESRfeI=
-86,-28,OciLBRWZmuEbmpxvoURmX8zykFI=,HnWECFlu79yzrSm0UYAC6ESRfeI=
-81,-24,OciLBRWZmuEbmpxvoURmX8zykFI=,HnWECFlu79yzrSm0UYAC6ESRfeI=
-85,-25,OciLBRWZmuEbmpxvoURmX8zykFI=,HnWECFlu79yzrSm0UYAC6ESRfeI=
-82,-24,OciLBRWZmuEbmpxvoURmX8zykFI=,HnWECFlu79yzrSm0UYAC6ESRfeI=
-86,-25,OciLBRWZmuEbmpxvoURmX8zykFI=,HnWECFlu79yzrSm0UYAC6ESRfeI=
-87,-25,OciLBRWZmuEbmpxvoURmX8zykFI=,HnWECFlu79yzrSm0UYAC6ESRfeI=
-88,-31,OciLBRWZmuEbmpxvoURmX8zykFI=,HnWECFlu79yzrSm0UYAC6ESRfeI=
-94,-29,OciLBRWZmuEbmpxvoURmX8zykFI=,HnWECFlu79yzrSm0UYAC6ESRfeI=
-88,-25,OciLBRWZmuEbmpxvoURmX8zykFI=,HnWECFlu79yzrSm0UYAC6ESRfeI=
-89,-25,OciLBRWZmuEbmpxvoURmX8zykFI=,HnWECFlu79yzrSm0UYAC6ESRfeI=
-90,-25,OciLBRWZmuEbmpxvoURmX8zykFI=,HnWECFlu79yzrSm0UYAC6ESRfeI=
-91,-25,OciLBRWZmuEbmpxvoURmX8zykFI=,HnWECFlu79yzrSm0UYAC6ESRfeI=
-92,-25,OciLBRWZmuEbmpxvoURmX8zykFI=,HnWECFlu79yzrSm0UYAC6ESRfeI=
-93,-25,OciLBRWZmuEbmpxvoURmX8zykFI=,HnWECFlu79yzrSm0UYAC6ESRfeI=
-94,-25,OciLBRWZmuEbmpxvoURmX8zykFI=,HnWECFlu79yzrSm0UYAC6ESRfeI=
-95,-25,OciLBRWZmuEbmpxvoURmX8zykFI=,HnWECFlu79yzrSm0UYAC6ESRfeI=
-96,-25,OciLBRWZmuEbmpxvoURmX8zykFI=,HnWECFlu79yzrSm0UYAC6ESRfeI=
-84,-25,OciLBRWZmuEbmpxvoURmX8zykFI=,HnWECFlu79yzrSm0UYAC6ESRfeI=
-81,-30,OciLBRWZmuEbmpxvoURmX8zykFI=,HnWECFlu79yzrSm0UYAC6ESRfeI=
-82,-25,OciLBRWZmuEbmpxvoURmX8zykFI=,HnWECFlu79yzrSm0UYAC6ESRfeI=
-87,-32,OciLBRWZmuEbmpxvoURmX8zykFI=,HnWECFlu79yzrSm0UYAC6ESRfeI=
-81,-26,OciLBRWZmuEbmpxvoURmX8zykFI=,HnWECFlu79yzrSm0UYAC6ESRfeI=
-85,-26,OciLBRWZmuEbmpxvoURmX8zykFI=,HnWECFlu79yzrSm0UYAC6ESRfeI=
-86,-26,OciLBRWZmuEbmpxvoURmX8zykFI=,HnWECFlu79yzrSm0UYAC6ESRfeI=
-89,-31,OciLBRWZmuEbmpxvoURmX8zykFI=,HnWECFlu79yzrSm0UYAC6ESRfeI=
-81,-25,OciLBRWZmuEbmpxvoURmX8zykFI=,HnWECFlu79yzrSm0UYAC6ESRfeI=
-95,-29,OciLBRWZmuEbmpxvoURmX8zykFI=,HnWECFlu79yzrSm0UYAC6ESRfeI=
-88,-26,OciLBRWZmuEbmpxvoURmX8zykFI=,HnWECFlu79yzrSm0UYAC6ESRfeI=
-87,-26,OciLBRWZmuEbmpxvoURmX8zykFI=,HnWECFlu79yzrSm0UYAC6ESRfeI=
-89,-26,OciLBRWZmuEbmpxvoURmX8zykFI=,HnWECFlu79yzrSm0UYAC6ESRfeI=
-90,-26,OciLBRWZmuEbmpxvoURmX8zykFI=,HnWECFlu79yzrSm0UYAC6ESRfeI=
-91,-26,OciLBRWZmuEbmpxvoURmX8zykFI=,HnWECFlu79yzrSm0UYAC6ESRfeI=
-93,-26,OciLBRWZmuEbmpxvoURmX8zykFI=,HnWECFlu79yzrSm0UYAC6ESRfeI=
-92,-26,OciLBRWZmuEbmpxvoURmX8zykFI=,HnWECFlu79yzrSm0UYAC6ESRfeI=
-94,-26,OciLBRWZmuEbmpxvoURmX8zykFI=,HnWECFlu79yzrSm0UYAC6ESRfeI=
-96,-26,OciLBRWZmuEbmpxvoURmX8zykFI=,HnWECFlu79yzrSm0UYAC6ESRfeI=
-91,-31,OciLBRWZmuEbmpxvoURmX8zykFI=,HnWECFlu79yzrSm0UYAC6ESRfeI=
-95,-26,OciLBRWZmuEbmpxvoURmX8zykFI=,HnWECFlu79yzrSm0UYAC6ESRfeI=
-87,-31,OciLBRWZmuEbmpxvoURmX8zykFI=,HnWECFlu79yzrSm0UYAC6ESRfeI=
-83,-26,OciLBRWZmuEbmpxvoURmX8zykFI=,HnWECFlu79yzrSm0UYAC6ESRfeI=
-82,-26,OciLBRWZmuEbmpxvoURmX8zykFI=,HnWECFlu79yzrSm0UYAC6ESRfeI=
-81,-27,OciLBRWZmuEbmpxvoURmX8zykFI=,HnWECFlu79yzrSm0UYAC6ESRfeI=
-85,-28,OciLBRWZmuEbmpxvoURmX8zykFI=,HnWECFlu79yzrSm0UYAC6ESRfeI=
-92,-31,OciLBRWZmuEbmpxvoURmX8zykFI=,HnWECFlu79yzrSm0UYAC6ESRfeI=
-96,-29,OciLBRWZmuEbmpxvoURmX8zykFI=,HnWECFlu79yzrSm0UYAC6ESRfeI=
-86,-27,OciLBRWZmuEbmpxvoURmX8zykFI=,HnWECFlu79yzrSm0UYAC6ESRfeI=
-87,-27,OciLBRWZmuEbmpxvoURmX8zykFI=,HnWECFlu79yzrSm0UYAC6ESRfeI=
-88,-27,OciLBRWZmuEbmpxvoURmX8zykFI=,HnWECFlu79yzrSm0UYAC6ESRfeI=
-89,-27,OciLBRWZmuEbmpxvoURmX8zykFI=,HnWECFlu79yzrSm0UYAC6ESRfeI=
-90,-27,OciLBRWZmuEbmpxvoURmX8zykFI=,HnWECFlu79yzrSm0UYAC6ESRfeI=
-91,-27,OciLBRWZmuEbmpxvoURmX8zykFI=,HnWECFlu79yzrSm0UYAC6ESRfeI=
-92,-27,OciLBRWZmuEbmpxvoURmX8zykFI=,HnWECFlu79yzrSm0UYAC6ESRfeI=
-93,-27,OciLBRWZmuEbmpxvoURmX8zykFI=,HnWECFlu79yzrSm0UYAC6ESRfeI=
-94,-27,OciLBRWZmuEbmpxvoURmX8zykFI=,HnWECFlu79yzrSm0UYAC6ESRfeI=
-95,-27,OciLBRWZmuEbmpxvoURmX8zykFI=,HnWECFlu79yzrSm0UYAC6ESRfeI=
-96,-27,OciLBRWZmuEbmpxvoURmX8zykFI=,HnWECFlu79yzrSm0UYAC6ESRfeI=
-93,-31,OciLBRWZmuEbmpxvoURmX8zykFI=,HnWECFlu79yzrSm0UYAC6ESRfeI=
-86,-32,OciLBRWZmuEbmpxvoURmX8zykFI=,HnWECFlu79yzrSm0UYAC6ESRfeI=
-88,-32,OciLBRWZmuEbmpxvoURmX8zykFI=,HnWECFlu79yzrSm0UYAC6ESRfeI=
-90,-31,OciLBRWZmuEbmpxvoURmX8zykFI=,HnWECFlu79yzrSm0UYAC6ESRfeI=
-81,-28,OciLBRWZmuEbmpxvoURmX8zykFI=,HnWECFlu79yzrSm0UYAC6ESRfeI=
-82,-27,OciLBRWZmuEbmpxvoURmX8zykFI=,HnWECFlu79yzrSm0UYAC6ESRfeI=
-84,-27,OciLBRWZmuEbmpxvoURmX8zykFI=,HnWECFlu79yzrSm0UYAC6ESRfeI=
-85,-27,OciLBRWZmuEbmpxvoURmX8zykFI=,HnWECFlu79yzrSm0UYAC6ESRfeI=
-83,-25,OciLBRWZmuEbmpxvoURmX8zykFI=,HnWECFlu79yzrSm0UYAC6ESRfeI=
-83,-28,OciLBRWZmuEbmpxvoURmX8zykFI=,HnWECFlu79yzrSm0UYAC6ESRfeI=
-83,-27,OciLBRWZmuEbmpxvoURmX8zykFI=,HnWECFlu79yzrSm0UYAC6ESRfeI=
-89,-32,OciLBRWZmuEbmpxvoURmX8zykFI=,HnWECFlu79yzrSm0UYAC6ESRfeI=
-84,-28,OciLBRWZmuEbmpxvoURmX8zykFI=,HnWECFlu79yzrSm0UYAC6ESRfeI=
-84,-26,OciLBRWZmuEbmpxvoURmX8zykFI=,HnWECFlu79yzrSm0UYAC6ESRfeI=
-82,-28,OciLBRWZmuEbmpxvoURmX8zykFI=,HnWECFlu79yzrSm0UYAC6ESRfeI=
-90,-32,OciLBRWZmuEbmpxvoURmX8zykFI=,HnWECFlu79yzrSm0UYAC6ESRfeI=
