-60,3,zOAb6tZ5/XTiHxVIIlNUGicTV1Y=,fMQD+4vIPp6PTdJMvOnbhICXI88=
-61,3,zOAb6tZ5/XTiHxVIIlNUGicTV1Y=,fMQD+4vIPp6PTdJMvOnbhICXI88=
-62,1,zOAb6tZ5/XTiHxVIIlNUGicTV1Y=,fMQD+4vIPp6PTdJMvOnbhICXI88=
-58,6,zOAb6tZ5/XTiHxVIIlNUGicTV1Y=,fMQD+4vIPp6PTdJMvOnbhICXI88=
-59,2,zOAb6tZ5/XTiHxVIIlNUGicTV1Y=,fMQD+4vIPp6PTdJMvOnbhICXI88=
-59,6,zOAb6tZ5/XTiHxVIIlNUGicTV1Y=,fMQD+4vIPp6PTdJMvOnbhICXI88=
-62,3,zOAb6tZ5/XTiHxVIIlNUGicTV1Y=,fMQD+4vIPp6PTdJMvOnbhICXI88=
-60,6,zOAb6tZ5/XTiHxVIIlNUGicTV1Y=,fMQD+4vIPp6PTdJMvOnbhICXI88=
-60,2,zOAb6tZ5/XTiHxVIIlNUGicTV1Y=,fMQD+4vIPp6PTdJMvOnbhICXI88=
-63,3,zOAb6tZ5/XTiHxVIIlNUGicTV1Y=,fMQD+4vIPp6PTdJMvOnbhICXI88=
-61,6,zOAb6tZ5/XTiHxVIIlNUGicTV1Y=,fMQD+4vIPp6PTdJMvOnbhICXI88=
-58,1,zOAb6tZ5/XTiHxVIIlNUGicTV1Y=,fMQD+4vIPp6PTdJMvOnbhICXI88=
-61,2,zOAb6tZ5/XTiHxVIIlNUGicTV1Y=,fMQD+4vIPp6PTdJMvOnbhICXI88=
-62,6,zOAb6tZ5/XTiHxVIIlNUGicTV1Y=,fMQD+4vIPp6PTdJMvOnbhICXI88=
-63,6,zOAb6tZ5/XTiHxVIIlNUGicTV1Y=,fMQD+4vIPp6PTdJMvOnbhICXI88=
-59,1,zOAb6tZ5/XTiHxVIIlNUGicTV1Y=,fMQD+4vIPp6PTdJMvOnbhICXI88=
-58,5,zOAb6tZ5/XTiHxVIIlNUGicTV1Y=,fMQD+4vIPp6PTdJMvOnbhICXI88=
-59,5,zOAb6tZ5/XTiHxVIIlNUGicTV1Y=,fMQD+4vIPp6PTdJMvOnbhICXI88=
-60,1,zOAb6tZ5/XTiHxVIIlNUGicTV1Y=,fMQD+4vIPp6PTdJMvOnbhICXI88=
-63,1,zOAb6tZ5/XTiHxVIIlNUGicTV1Y=,fMQD+4vIPp6PTdJMvOnbhICXI88=
-62,2,zOAb6tZ5/XTiHxVIIlNUGicTV1Y=,fMQD+4vIPp6PTdJMvOnbhICXI88=
-60,5,zOAb6tZ5/XTiHxVIIlNUGicTV1Y=,fMQD+4vIPp6PTdJMvOnbhICXI88=
-61,5,zOAb6tZ5/XTiHxVIIlNUGicTV1Y=,fMQD+4vIPp6PTdJMvOnbhICXI88=
-62,5,zOAb6tZ5/XTiHxVIIlNUGicTV1Y=,fMQD+4vIPp6PTdJMvOnbhICXI88=
-63,5,zOAb6tZ5/XTiHxVIIlNUGicTV1Y=,fMQD+4vIPp6PTdJMvOnbhICXI88=
-58,4,zOAb6tZ5/XTiHxVIIlNUGicTV1Y=,fMQD+4vIPp6PTdJMvOnbhICXI88=
-59,4,zOAb6tZ5/XTiHxVIIlNUGicTV1Y=,fMQD+4vIPp6PTdJMvOnbhICXI88=
-63,2,zOAb6tZ5/XTiHxVIIlNUGicTV1Y=,fMQD+4vIPp6PTdJMvOnbhICXI88=
-58,2,zOAb6tZ5/XTiHxVIIlNUGicTV1Y=,fMQD+4vIPp6PTdJMvOnbhICXI88=
-60,4,zOAb6tZ5/XTiHxVIIlNUGicTV1Y=,fMQD+4vIPp6PTdJMvOnbhICXI88=
-61,4,zOAb6tZ5/XTiHxVIIlNUGicTV1Y=,fMQD+4vIPp6PTdJMvOnbhICXI88=
-61,1,zOAb6tZ5/XTiHxVIIlNUGicTV1Y=,fMQD+4vIPp6PTdJMvOnbhICXI88=
-62,4,zOAb6tZ5/XTiHxVIIlNUGicTV1Y=,fMQD+4vIPp6PTdJMvOnbhICXI88=
-63,4,zOAb6tZ5/XTiHxVIIlNUGicTV1Y=,fMQD+4vIPp6PTdJMvOnbhICXI88=
-58,3,zOAb6tZ5/XTiHxVIIlNUGicTV1Y=,fMQD+4vIPp6PTdJMvOnbhICXI88=
-59,3,zOAb6tZ5/XTiHxVIIlNUGicTV1Y=,fMQD+4vIPp6PTdJMvOnbhICXI88=
-64,2,zOAb6tZ5/XTiHxVIIlNUGicTV1Y=,fMQD+4vIPp6PTdJMvOnbhICXI88=
-64,4,zOAb6tZ5/XTiHxVIIlNUGicTV1Y=,fMQD+4vIPp6PTdJMvOnbhICXI88=
-64,5,zOAb6tZ5/XTiHxVIIlNUGicTV1Y=,fMQD+4vIPp6PTdJMvOnbhICXI88=
-64,1,zOAb6tZ5/XTiHxVIIlNUGicTV1Y=,fMQD+4vIPp6PTdJMvOnbhICXI88=
-64,6,zOAb6tZ5/XTiHxVIIlNUGicTV1Y=,fMQD+4vIPp6PTdJMvOnbhICXI88=
-64,3,zOAb6tZ5/XTiHxVIIlNUGicTV1Y=,fMQD+4vIPp6PTdJMvOnbhICXI88=
-63,0,zOAb6tZ5/XTiHxVIIlNUGicTV1Y=,fMQD+4vIPp6PTdJMvOnbhICXI88=
-60,0,zOAb6tZ5/XTiHxVIIlNUGicTV1Y=,fMQD+4vIPp6PTdJMvOnbhICXI88=
-59,0,zOAb6tZ5/XTiHxVIIlNUGicTV1Y=,fMQD+4vIPp6PTdJMvOnbhICXI88=
-58,0,zOAb6tZ5/XTiHxVIIlNUGicTV1Y=,fMQD+4vIPp6PTdJMvOnbhICXI88=
-62,0,zOAb6tZ5/XTiHxVIIlNUGicTV1Y=,fMQD+4vIPp6PTdJMvOnbhICXI88=
-61,0,zOAb6tZ5/XTiHxVIIlNUGicTV1Y=,fMQD+4vIPp6PTdJMvOnbhICXI88=
-64,0,zOAb6tZ5/XTiHxVIIlNUGicTV1Y=,fMQD+4vIPp6PTdJMvOnbhICXI88=
-57,3,zOAb6tZ5/XTiHxVIIlNUGicTV1Y=,fMQD+4vIPp6PTdJMvOnbhICXI88=
-57,4,zOAb6tZ5/XTiHxVIIlNUGicTV1Y=,fMQD+4vIPp6PTdJMvOnbhICXI88=
-53,3,zOAb6tZ5/XTiHxVIIlNUGicTV1Y=,1t/F2lSA/4mgmh667V1DBB5lMWE=
-54,3,zOAb6tZ5/XTiHxVIIlNUGicTV1Y=,1t/F2lSA/4mgmh667V1DBB5lMWE=
-55,3,zOAb6tZ5/XTiHxVIIlNUGicTV1Y=,1t/F2lSA/4mgmh667V1DBB5lMWE=
-56,3,zOAb6tZ5/XTiHxVIIlNUGicTV1Y=,1t/F2lSA/4mgmh667V1DBB5lMWE=
-49,2,zOAb6tZ5/XTiHxVIIlNUGicTV1Y=,1t/F2lSA/4mgmh667V1DBB5lMWE=
-50,2,zOAb6tZ5/XTiHxVIIlNUGicTV1Y=,1t/F2lSA/4mgmh667V1DBB5lMWE=
-51,2,zOAb6tZ5/XTiHxVIIlNUGicTV1Y=,1t/F2lSA/4mgmh667V1DBB5lMWE=
-52,2,zOAb6tZ5/XTiHxVIIlNUGicTV1Y=,1t/F2lSA/4mgmh667V1DBB5lMWE=
-53,2,zOAb6tZ5/XTiHxVIIlNUGicTV1Y=,1t/F2lSA/4mgmh667V1DBB5lMWE=
-54,2,zOAb6tZ5/XTiHxVIIlNUGicTV1Y=,1t/F2lSA/4mgmh667V1DBB5lMWE=
-55,2,zOAb6tZ5/XTiHxVIIlNUGicTV1Y=,1t/F2lSA/4mgmh667V1DBB5lMWE=
-56,2,zOAb6tZ5/XTiHxVIIlNUGicTV1Y=,1t/F2lSA/4mgmh667V1DBB5lMWE=
-57,6,zOAb6tZ5/XTiHxVIIlNUGicTV1Y=,fMQD+4vIPp6PTdJMvOnbhICXI88=
-49,1,zOAb6tZ5/XTiHxVIIlNUGicTV1Y=,1t/F2lSA/4mgmh667V1DBB5lMWE=
-50,1,zOAb6tZ5/XTiHxVIIlNUGicTV1Y=,1t/F2lSA/4mgmh667V1DBB5lMWE=
-51,1,zOAb6tZ5/XTiHxVIIlNUGicTV1Y=,1t/F2lSA/4mgmh667V1DBB5lMWE=
-52,1,zOAb6tZ5/XTiHxVIIlNUGicTV1Y=,1t/F2lSA/4mgmh667V1DBB5lMWE=
-53,1,zOAb6tZ5/XTiHxVIIlNUGicTV1Y=,1t/F2lSA/4mgmh667V1DBB5lMWE=
-54,1,zOAb6tZ5/XTiHxVIIlNUGicTV1Y=,1t/F2lSA/4mgmh667V1DBB5lMWE=
-55,1,zOAb6tZ5/XTiHxVIIlNUGicTV1Y=,1t/F2lSA/4mgmh667V1DBB5lMWE=
-56,1,zOAb6tZ5/XTiHxVIIlNUGicTV1Y=,1t/F2lSA/4mgmh667V1DBB5lMWE=
-49,0,zOAb6tZ5/XTiHxVIIlNUGicTV1Y=,1t/F2lSA/4mgmh667V1DBB5lMWE=
-50,0,zOAb6tZ5/XTiHxVIIlNUGicTV1Y=,1t/F2lSA/4mgmh667V1DBB5lMWE=
-51,0,zOAb6tZ5/XTiHxVIIlNUGicTV1Y=,1t/F2lSA/4mgmh667V1DBB5lMWE=
-52,0,zOAb6tZ5/XTiHxVIIlNUGicTV1Y=,1t/F2lSA/4mgmh667V1DBB5lMWE=
-53,0,zOAb6tZ5/XTiHxVIIlNUGicTV1Y=,1t/F2lSA/4mgmh667V1DBB5lMWE=
-54,0,zOAb6tZ5/XTiHxVIIlNUGicTV1Y=,1t/F2lSA/4mgmh667V1DBB5lMWE=
-55,0,zOAb6tZ5/XTiHxVIIlNUGicTV1Y=,1t/F2lSA/4mgmh667V1DBB5lMWE=
-56,0,zOAb6tZ5/XTiHxVIIlNUGicTV1Y=,1t/F2lSA/4mgmh667V1DBB5lMWE=
-57,1,zOAb6tZ5/XTiHxVIIlNUGicTV1Y=,fMQD+4vIPp6PTdJMvOnbhICXI88=
-52,6,zOAb6tZ5/XTiHxVIIlNUGicTV1Y=,1t/F2lSA/4mgmh667V1DBB5lMWE=
-53,6,zOAb6tZ5/XTiHxVIIlNUGicTV1Y=,1t/F2lSA/4mgmh667V1DBB5lMWE=
-49,6,zOAb6tZ5/XTiHxVIIlNUGicTV1Y=,1t/F2lSA/4mgmh667V1DBB5lMWE=
-50,6,zOAb6tZ5/XTiHxVIIlNUGicTV1Y=,1t/F2lSA/4mgmh667V1DBB5lMWE=
-56,6,zOAb6tZ5/XTiHxVIIlNUGicTV1Y=,1t/F2lSA/4mgmh667V1DBB5lMWE=
-49,5,zOAb6tZ5/XTiHxVIIlNUGicTV1Y=,1t/F2lSA/4mgmh667V1DBB5lMWE=
-50,5,zOAb6tZ5/XTiHxVIIlNUGicTV1Y=,1t/F2lSA/4mgmh667V1DBB5lMWE=
-52,5,zOAb6tZ5/XTiHxVIIlNUGicTV1Y=,1t/F2lSA/4mgmh667V1DBB5lMWE=
-51,5,zOAb6tZ5/XTiHxVIIlNUGicTV1Y=,1t/F2lSA/4mgmh667V1DBB5lMWE=
-54,5,zOAb6tZ5/XTiHxVIIlNUGicTV1Y=,1t/F2lSA/4mgmh667V1DBB5lMWE=
-53,5,zOAb6tZ5/XTiHxVIIlNUGicTV1Y=,1t/F2lSA/4mgmh667V1DBB5lMWE=
-56,5,zOAb6tZ5/XTiHxVIIlNUGicTV1Y=,1t/F2lSA/4mgmh667V1DBB5lMWE=
-55,5,zOAb6tZ5/XTiHxVIIlNUGicTV1Y=,1t/F2lSA/4mgmh667V1DBB5lMWE=
-49,4,zOAb6tZ5/XTiHxVIIlNUGicTV1Y=,1t/F2lSA/4mgmh667V1DBB5lMWE=
-51,4,zOAb6tZ5/XTiHxVIIlNUGicTV1Y=,1t/F2lSA/4mgmh667V1DBB5lMWE=
-52,4,zOAb6tZ5/XTiHxVIIlNUGicTV1Y=,1t/F2lSA/4mgmh667V1DBB5lMWE=
-50,4,zOAb6tZ5/XTiHxVIIlNUGicTV1Y=,1t/F2lSA/4mgmh667V1DBB5lMWE=
-54,4,zOAb6tZ5/XTiHxVIIlNUGicTV1Y=,1t/F2lSA/4mgmh667V1DBB5lMWE=
-55,4,zOAb6tZ5/XTiHxVIIlNUGicTV1Y=,1t/F2lSA/4mgmh667V1DBB5lMWE=
-53,4,zOAb6tZ5/XTiHxVIIlNUGicTV1Y=,1t/F2lSA/4mgmh667V1DBB5lMWE=
-56,4,zOAb6tZ5/XTiHxVIIlNUGicTV1Y=,1t/F2lSA/4mgmh667V1DBB5lMWE=
-49,3,zOAb6tZ5/XTiHxVIIlNUGicTV1Y=,1t/F2lSA/4mgmh667V1DBB5lMWE=
-50,3,zOAb6tZ5/XTiHxVIIlNUGicTV1Y=,1t/F2lSA/4mgmh667V1DBB5lMWE=
-54,6,zOAb6tZ5/XTiHxVIIlNUGicTV1Y=,1t/F2lSA/4mgmh667V1DBB5lMWE=
-51,3,zOAb6tZ5/XTiHxVIIlNUGicTV1Y=,1t/F2lSA/4mgmh667V1DBB5lMWE=
-57,5,zOAb6tZ5/XTiHxVIIlNUGicTV1Y=,fMQD+4vIPp6PTdJMvOnbhICXI88=
-52,3,zOAb6tZ5/XTiHxVIIlNUGicTV1Y=,1t/F2lSA/4mgmh667V1DBB5lMWE=
-57,0,zOAb6tZ5/XTiHxVIIlNUGicTV1Y=,fMQD+4vIPp6PTdJMvOnbhICXI88=
-57,2,zOAb6tZ5/XTiHxVIIlNUGicTV1Y=,fMQD+4vIPp6PTdJMvOnbhICXI88=
-55,6,zOAb6tZ5/XTiHxVIIlNUGicTV1Y=,1t/F2lSA/4mgmh667V1DBB5lMWE=
-51,6,zOAb6tZ5/XTiHxVIIlNUGicTV1Y=,1t/F2lSA/4mgmh667V1DBB5lMWE=
-60,11,zOAb6tZ5/XTiHxVIIlNUGicTV1Y=,mLTNGrgChDxAfeO5pyXzl08uIMw=
-59,11,zOAb6tZ5/XTiHxVIIlNUGicTV1Y=,mLTNGrgChDxAfeO5pyXzl08uIMw=
-58,11,zOAb6tZ5/XTiHxVIIlNUGicTV1Y=,mLTNGrgChDxAfeO5pyXzl08uIMw=
-64,12,zOAb6tZ5/XTiHxVIIlNUGicTV1Y=,mLTNGrgChDxAfeO5pyXzl08uIMw=
-64,8,zOAb6tZ5/XTiHxVIIlNUGicTV1Y=,mLTNGrgChDxAfeO5pyXzl08uIMw=
-62,8,zOAb6tZ5/XTiHxVIIlNUGicTV1Y=,mLTNGrgChDxAfeO5pyXzl08uIMw=
-63,8,zOAb6tZ5/XTiHxVIIlNUGicTV1Y=,mLTNGrgChDxAfeO5pyXzl08uIMw=
-61,8,zOAb6tZ5/XTiHxVIIlNUGicTV1Y=,mLTNGrgChDxAfeO5pyXzl08uIMw=
-60,8,zOAb6tZ5/XTiHxVIIlNUGicTV1Y=,mLTNGrgChDxAfeO5pyXzl08uIMw=
-58,8,zOAb6tZ5/XTiHxVIIlNUGicTV1Y=,mLTNGrgChDxAfeO5pyXzl08uIMw=
-59,8,zOAb6tZ5/XTiHxVIIlNUGicTV1Y=,mLTNGrgChDxAfeO5pyXzl08uIMw=
-64,9,zOAb6tZ5/XTiHxVIIlNUGicTV1Y=,mLTNGrgChDxAfeO5pyXzl08uIMw=
-63,9,zOAb6tZ5/XTiHxVIIlNUGicTV1Y=,mLTNGrgChDxAfeO5pyXzl08uIMw=
-62,9,Ms08HHwTcWCr0yRNwEDp6Yom9oE=,mLTNGrgChDxAfeO5pyXzl08uIMw=
-60,9,Ms08HHwTcWCr0yRNwEDp6Yom9oE=,mLTNGrgChDxAfeO5pyXzl08uIMw=
-61,9,Ms08HHwTcWCr0yRNwEDp6Yom9oE=,mLTNGrgChDxAfeO5pyXzl08uIMw=
-58,9,Ms08HHwTcWCr0yRNwEDp6Yom9oE=,mLTNGrgChDxAfeO5pyXzl08uIMw=
-59,9,Ms08HHwTcWCr0yRNwEDp6Yom9oE=,mLTNGrgChDxAfeO5pyXzl08uIMw=
-63,12,Ms08HHwTcWCr0yRNwEDp6Yom9oE=,mLTNGrgChDxAfeO5pyXzl08uIMw=
-62,12,Ms08HHwTcWCr0yRNwEDp6Yom9oE=,mLTNGrgChDxAfeO5pyXzl08uIMw=
-60,12,Ms08HHwTcWCr0yRNwEDp6Yom9oE=,mLTNGrgChDxAfeO5pyXzl08uIMw=
-59,12,Ms08HHwTcWCr0yRNwEDp6Yom9oE=,mLTNGrgChDxAfeO5pyXzl08uIMw=
-61,12,Ms08HHwTcWCr0yRNwEDp6Yom9oE=,mLTNGrgChDxAfeO5pyXzl08uIMw=
-58,12,Ms08HHwTcWCr0yRNwEDp6Yom9oE=,mLTNGrgChDxAfeO5pyXzl08uIMw=
-64,13,Ms08HHwTcWCr0yRNwEDp6Yom9oE=,mLTNGrgChDxAfeO5pyXzl08uIMw=
-62,13,Ms08HHwTcWCr0yRNwEDp6Yom9oE=,mLTNGrgChDxAfeO5pyXzl08uIMw=
-63,13,Ms08HHwTcWCr0yRNwEDp6Yom9oE=,mLTNGrgChDxAfeO5pyXzl08uIMw=
-61,13,Ms08HHwTcWCr0yRNwEDp6Yom9oE=,mLTNGrgChDxAfeO5pyXzl08uIMw=
-60,13,Ms08HHwTcWCr0yRNwEDp6Yom9oE=,mLTNGrgChDxAfeO5pyXzl08uIMw=
-63,10,Ms08HHwTcWCr0yRNwEDp6Yom9oE=,mLTNGrgChDxAfeO5pyXzl08uIMw=
-64,10,Ms08HHwTcWCr0yRNwEDp6Yom9oE=,mLTNGrgChDxAfeO5pyXzl08uIMw=
-59,13,Ms08HHwTcWCr0yRNwEDp6Yom9oE=,mLTNGrgChDxAfeO5pyXzl08uIMw=
-64,14,Ms08HHwTcWCr0yRNwEDp6Yom9oE=,mLTNGrgChDxAfeO5pyXzl08uIMw=
-58,13,Ms08HHwTcWCr0yRNwEDp6Yom9oE=,mLTNGrgChDxAfeO5pyXzl08uIMw=
-63,14,Ms08HHwTcWCr0yRNwEDp6Yom9oE=,mLTNGrgChDxAfeO5pyXzl08uIMw=
-62,14,Ms08HHwTcWCr0yRNwEDp6Yom9oE=,mLTNGrgChDxAfeO5pyXzl08uIMw=
-62,10,Ms08HHwTcWCr0yRNwEDp6Yom9oE=,mLTNGrgChDxAfeO5pyXzl08uIMw=
-61,10,Ms08HHwTcWCr0yRNwEDp6Yom9oE=,mLTNGrgChDxAfeO5pyXzl08uIMw=
-60,14,Ms08HHwTcWCr0yRNwEDp6Yom9oE=,mLTNGrgChDxAfeO5pyXzl08uIMw=
-61,14,Ms08HHwTcWCr0yRNwEDp6Yom9oE=,mLTNGrgChDxAfeO5pyXzl08uIMw=
-60,10,Ms08HHwTcWCr0yRNwEDp6Yom9oE=,mLTNGrgChDxAfeO5pyXzl08uIMw=
-59,14,Ms08HHwTcWCr0yRNwEDp6Yom9oE=,mLTNGrgChDxAfeO5pyXzl08uIMw=
-64,15,Ms08HHwTcWCr0yRNwEDp6Yom9oE=,mLTNGrgChDxAfeO5pyXzl08uIMw=
-58,14,Ms08HHwTcWCr0yRNwEDp6Yom9oE=,mLTNGrgChDxAfeO5pyXzl08uIMw=
-63,15,Ms08HHwTcWCr0yRNwEDp6Yom9oE=,mLTNGrgChDxAfeO5pyXzl08uIMw=
-59,10,Ms08HHwTcWCr0yRNwEDp6Yom9oE=,mLTNGrgChDxAfeO5pyXzl08uIMw=
-58,10,Ms08HHwTcWCr0yRNwEDp6Yom9oE=,mLTNGrgChDxAfeO5pyXzl08uIMw=
-62,15,Ms08HHwTcWCr0yRNwEDp6Yom9oE=,mLTNGrgChDxAfeO5pyXzl08uIMw=
-64,11,Ms08HHwTcWCr0yRNwEDp6Yom9oE=,mLTNGrgChDxAfeO5pyXzl08uIMw=
-61,15,Ms08HHwTcWCr0yRNwEDp6Yom9oE=,mLTNGrgChDxAfeO5pyXzl08uIMw=
-63,11,Ms08HHwTcWCr0yRNwEDp6Yom9oE=,mLTNGrgChDxAfeO5pyXzl08uIMw=
-60,15,Ms08HHwTcWCr0yRNwEDp6Yom9oE=,mLTNGrgChDxAfeO5pyXzl08uIMw=
-62,11,Ms08HHwTcWCr0yRNwEDp6Yom9oE=,mLTNGrgChDxAfeO5pyXzl08uIMw=
-61,11,Ms08HHwTcWCr0yRNwEDp6Yom9oE=,mLTNGrgChDxAfeO5pyXzl08uIMw=
-64,7,Ms08HHwTcWCr0yRNwEDp6Yom9oE=,fMQD+4vIPp6PTdJMvOnbhICXI88=
-63,7,Ms08HHwTcWCr0yRNwEDp6Yom9oE=,fMQD+4vIPp6PTdJMvOnbhICXI88=
-62,7,Ms08HHwTcWCr0yRNwEDp6Yom9oE=,fMQD+4vIPp6PTdJMvOnbhICXI88=
-59,15,Ms08HHwTcWCr0yRNwEDp6Yom9oE=,mLTNGrgChDxAfeO5pyXzl08uIMw=
-61,7,Ms08HHwTcWCr0yRNwEDp6Yom9oE=,fMQD+4vIPp6PTdJMvOnbhICXI88=
-60,7,Ms08HHwTcWCr0yRNwEDp6Yom9oE=,fMQD+4vIPp6PTdJMvOnbhICXI88=
-58,15,Ms08HHwTcWCr0yRNwEDp6Yom9oE=,mLTNGrgChDxAfeO5pyXzl08uIMw=
-59,7,Ms08HHwTcWCr0yRNwEDp6Yom9oE=,fMQD+4vIPp6PTdJMvOnbhICXI88=
-58,7,Ms08HHwTcWCr0yRNwEDp6Yom9oE=,fMQD+4vIPp6PTdJMvOnbhICXI88=
-57,7,Ms08HHwTcWCr0yRNwEDp6Yom9oE=,fMQD+4vIPp6PTdJMvOnbhICXI88=
-53,13,Ms08HHwTcWCr0yRNwEDp6Yom9oE=,ObPKlxM8xx/6Myc1gFVnkbIm0tk=
-57,15,Ms08HHwTcWCr0yRNwEDp6Yom9oE=,mLTNGrgChDxAfeO5pyXzl08uIMw=
-54,13,Ms08HHwTcWCr0yRNwEDp6Yom9oE=,ObPKlxM8xx/6Myc1gFVnkbIm0tk=
-55,13,Ms08HHwTcWCr0yRNwEDp6Yom9oE=,ObPKlxM8xx/6Myc1gFVnkbIm0tk=
-57,11,Ms08HHwTcWCr0yRNwEDp6Yom9oE=,mLTNGrgChDxAfeO5pyXzl08uIMw=
-52,7,Ms08HHwTcWCr0yRNwEDp6Yom9oE=,1t/F2lSA/4mgmh667V1DBB5lMWE=
-56,13,Ms08HHwTcWCr0yRNwEDp6Yom9oE=,ObPKlxM8xx/6Myc1gFVnkbIm0tk=
-51,7,Ms08HHwTcWCr0yRNwEDp6Yom9oE=,1t/F2lSA/4mgmh667V1DBB5lMWE=
-49,12,Ms08HHwTcWCr0yRNwEDp6Yom9oE=,ObPKlxM8xx/6Myc1gFVnkbIm0tk=
-50,12,Ms08HHwTcWCr0yRNwEDp6Yom9oE=,ObPKlxM8xx/6Myc1gFVnkbIm0tk=
-50,7,Ms08HHwTcWCr0yRNwEDp6Yom9oE=,1t/F2lSA/4mgmh667V1DBB5lMWE=
-51,12,Ms08HHwTcWCr0yRNwEDp6Yom9oE=,ObPKlxM8xx/6Myc1gFVnkbIm0tk=
-52,12,Ms08HHwTcWCr0yRNwEDp6Yom9oE=,ObPKlxM8xx/6Myc1gFVnkbIm0tk=
-53,12,Ms08HHwTcWCr0yRNwEDp6Yom9oE=,ObPKlxM8xx/6Myc1gFVnkbIm0tk=
-54,12,Ms08HHwTcWCr0yRNwEDp6Yom9oE=,ObPKlxM8xx/6Myc1gFVnkbIm0tk=
-55,12,Ms08HHwTcWCr0yRNwEDp6Yom9oE=,ObPKlxM8xx/6Myc1gFVnkbIm0tk=
-54,7,Ms08HHwTcWCr0yRNwEDp6Yom9oE=,1t/F2lSA/4mgmh667V1DBB5lMWE=
-49,11,Ms08HHwTcWCr0yRNwEDp6Yom9oE=,ObPKlxM8xx/6Myc1gFVnkbIm0tk=
-51,11,Ms08HHwTcWCr0yRNwEDp6Yom9oE=,ObPKlxM8xx/6Myc1gFVnkbIm0tk=
-50,11,Ms08HHwTcWCr0yRNwEDp6Yom9oE=,ObPKlxM8xx/6Myc1gFVnkbIm0tk=
-53,7,Ms08HHwTcWCr0yRNwEDp6Yom9oE=,1t/F2lSA/4mgmh667V1DBB5lMWE=
-52,11,Ms08HHwTcWCr0yRNwEDp6Yom9oE=,ObPKlxM8xx/6Myc1gFVnkbIm0tk=
-53,11,Ms08HHwTcWCr0yRNwEDp6Yom9oE=,ObPKlxM8xx/6Myc1gFVnkbIm0tk=
-49,15,Ms08HHwTcWCr0yRNwEDp6Yom9oE=,ObPKlxM8xx/6Myc1gFVnkbIm0tk=
-51,15,Ms08HHwTcWCr0yRNwEDp6Yom9oE=,ObPKlxM8xx/6Myc1gFVnkbIm0tk=
-50,15,Ms08HHwTcWCr0yRNwEDp6Yom9oE=,ObPKlxM8xx/6Myc1gFVnkbIm0tk=
-53,15,Ms08HHwTcWCr0yRNwEDp6Yom9oE=,ObPKlxM8xx/6Myc1gFVnkbIm0tk=
-52,15,Ms08HHwTcWCr0yRNwEDp6Yom9oE=,ObPKlxM8xx/6Myc1gFVnkbIm0tk=
-54,15,Ms08HHwTcWCr0yRNwEDp6Yom9oE=,ObPKlxM8xx/6Myc1gFVnkbIm0tk=
-55,15,Ms08HHwTcWCr0yRNwEDp6Yom9oE=,ObPKlxM8xx/6Myc1gFVnkbIm0tk=
-49,14,Ms08HHwTcWCr0yRNwEDp6Yom9oE=,ObPKlxM8xx/6Myc1gFVnkbIm0tk=
-50,14,Ms08HHwTcWCr0yRNwEDp6Yom9oE=,ObPKlxM8xx/6Myc1gFVnkbIm0tk=
-56,15,Ms08HHwTcWCr0yRNwEDp6Yom9oE=,ObPKlxM8xx/6Myc1gFVnkbIm0tk=
-57,14,Ms08HHwTcWCr0yRNwEDp6Yom9oE=,mLTNGrgChDxAfeO5pyXzl08uIMw=
-51,14,Ms08HHwTcWCr0yRNwEDp6Yom9oE=,ObPKlxM8xx/6Myc1gFVnkbIm0tk=
-52,14,Ms08HHwTcWCr0yRNwEDp6Yom9oE=,ObPKlxM8xx/6Myc1gFVnkbIm0tk=
-56,12,Ms08HHwTcWCr0yRNwEDp6Yom9oE=,ObPKlxM8xx/6Myc1gFVnkbIm0tk=
-57,8,Ms08HHwTcWCr0yRNwEDp6Yom9oE=,mLTNGrgChDxAfeO5pyXzl08uIMw=
-54,11,Ms08HHwTcWCr0yRNwEDp6Yom9oE=,ObPKlxM8xx/6Myc1gFVnkbIm0tk=
-55,7,Ms08HHwTcWCr0yRNwEDp6Yom9oE=,1t/F2lSA/4mgmh667V1DBB5lMWE=
-56,7,Ms08HHwTcWCr0yRNwEDp6Yom9oE=,1t/F2lSA/4mgmh667V1DBB5lMWE=
-49,10,Ms08HHwTcWCr0yRNwEDp6Yom9oE=,ObPKlxM8xx/6Myc1gFVnkbIm0tk=
-50,10,Ms08HHwTcWCr0yRNwEDp6Yom9oE=,ObPKlxM8xx/6Myc1gFVnkbIm0tk=
-57,10,Ms08HHwTcWCr0yRNwEDp6Yom9oE=,mLTNGrgChDxAfeO5pyXzl08uIMw=
-57,12,Ms08HHwTcWCr0yRNwEDp6Yom9oE=,mLTNGrgChDxAfeO5pyXzl08uIMw=
-51,10,Ms08HHwTcWCr0yRNwEDp6Yom9oE=,ObPKlxM8xx/6Myc1gFVnkbIm0tk=
-52,10,Ms08HHwTcWCr0yRNwEDp6Yom9oE=,ObPKlxM8xx/6Myc1gFVnkbIm0tk=
-55,11,Ms08HHwTcWCr0yRNwEDp6Yom9oE=,ObPKlxM8xx/6Myc1gFVnkbIm0tk=
-49,7,Ms08HHwTcWCr0yRNwEDp6Yom9oE=,1t/F2lSA/4mgmh667V1DBB5lMWE=
-53,10,Ms08HHwTcWCr0yRNwEDp6Yom9oE=,ObPKlxM8xx/6Myc1gFVnkbIm0tk=
-56,11,Ms08HHwTcWCr0yRNwEDp6Yom9oE=,ObPKlxM8xx/6Myc1gFVnkbIm0tk=
-54,10,Ms08HHwTcWCr0yRNwEDp6Yom9oE=,ObPKlxM8xx/6Myc1gFVnkbIm0tk=
-57,9,Ms08HHwTcWCr0yRNwEDp6Yom9oE=,mLTNGrgChDxAfeO5pyXzl08uIMw=
-52,13,Ms08HHwTcWCr0yRNwEDp6Yom9oE=,ObPKlxM8xx/6Myc1gFVnkbIm0tk=
-51,13,Ms08HHwTcWCr0yRNwEDp6Yom9oE=,ObPKlxM8xx/6Myc1gFVnkbIm0tk=
-50,13,Ms08HHwTcWCr0yRNwEDp6Yom9oE=,ObPKlxM8xx/6Myc1gFVnkbIm0tk=
-49,13,Ms08HHwTcWCr0yRNwEDp6Yom9oE=,ObPKlxM8xx/6Myc1gFVnkbIm0tk=
-56,14,Ms08HHwTcWCr0yRNwEDp6Yom9oE=,ObPKlxM8xx/6Myc1gFVnkbIm0tk=
-55,14,Ms08HHwTcWCr0yRNwEDp6Yom9oE=,ObPKlxM8xx/6Myc1gFVnkbIm0tk=
-54,14,Ms08HHwTcWCr0yRNwEDp6Yom9oE=,ObPKlxM8xx/6Myc1gFVnkbIm0tk=
-55,10,Ms08HHwTcWCr0yRNwEDp6Yom9oE=,ObPKlxM8xx/6Myc1gFVnkbIm0tk=
-49,9,Ms08HHwTcWCr0yRNwEDp6Yom9oE=,ObPKlxM8xx/6Myc1gFVnkbIm0tk=
-53,14,Ms08HHwTcWCr0yRNwEDp6Yom9oE=,ObPKlxM8xx/6Myc1gFVnkbIm0tk=
-51,9,Ms08HHwTcWCr0yRNwEDp6Yom9oE=,ObPKlxM8xx/6Myc1gFVnkbIm0tk=
-56,10,Ms08HHwTcWCr0yRNwEDp6Yom9oE=,ObPKlxM8xx/6Myc1gFVnkbIm0tk=
-52,9,Ms08HHwTcWCr0yRNwEDp6Yom9oE=,ObPKlxM8xx/6Myc1gFVnkbIm0tk=
-50,9,Ms08HHwTcWCr0yRNwEDp6Yom9oE=,ObPKlxM8xx/6Myc1gFVnkbIm0tk=
-56,8,Ms08HHwTcWCr0yRNwEDp6Yom9oE=,ObPKlxM8xx/6Myc1gFVnkbIm0tk=
-56,9,Ms08HHwTcWCr0yRNwEDp6Yom9oE=,ObPKlxM8xx/6Myc1gFVnkbIm0tk=
-55,9,Ms08HHwTcWCr0yRNwEDp6Yom9oE=,ObPKlxM8xx/6Myc1gFVnkbIm0tk=
-57,13,Ms08HHwTcWCr0yRNwEDp6Yom9oE=,mLTNGrgChDxAfeO5pyXzl08uIMw=
-49,8,Ms08HHwTcWCr0yRNwEDp6Yom9oE=,ObPKlxM8xx/6Myc1gFVnkbIm0tk=
-51,8,Ms08HHwTcWCr0yRNwEDp6Yom9oE=,ObPKlxM8xx/6Myc1gFVnkbIm0tk=
-53,9,Ms08HHwTcWCr0yRNwEDp6Yom9oE=,ObPKlxM8xx/6Myc1gFVnkbIm0tk=
-53,8,Ms08HHwTcWCr0yRNwEDp6Yom9oE=,ObPKlxM8xx/6Myc1gFVnkbIm0tk=
-55,8,Ms08HHwTcWCr0yRNwEDp6Yom9oE=,ObPKlxM8xx/6Myc1gFVnkbIm0tk=
-54,8,Ms08HHwTcWCr0yRNwEDp6Yom9oE=,ObPKlxM8xx/6Myc1gFVnkbIm0tk=
-50,8,Ms08HHwTcWCr0yRNwEDp6Yom9oE=,ObPKlxM8xx/6Myc1gFVnkbIm0tk=
-52,8,Ms08HHwTcWCr0yRNwEDp6Yom9oE=,ObPKlxM8xx/6Myc1gFVnkbIm0tk=
-54,9,Ms08HHwTcWCr0yRNwEDp6Yom9oE=,ObPKlxM8xx/6Myc1gFVnkbIm0tk=
-36,3,3rAHvPeEa0XYSEc/z11fr6+1uhI=,bHk/NECE0lDoqbmgVFsAwU2UBng=
-35,3,3rAHvPeEa0XYSEc/z11fr6+1uhI=,bHk/NECE0lDoqbmgVFsAwU2UBng=
-34,3,3rAHvPeEa0XYSEc/z11fr6+1uhI=,bHk/NECE0lDoqbmgVFsAwU2UBng=
-39,4,3rAHvPeEa0XYSEc/z11fr6+1uhI=,bHk/NECE0lDoqbmgVFsAwU2UBng=
-38,4,3rAHvPeEa0XYSEc/z11fr6+1uhI=,bHk/NECE0lDoqbmgVFsAwU2UBng=
-37,4,3rAHvPeEa0XYSEc/z11fr6+1uhI=,bHk/NECE0lDoqbmgVFsAwU2UBng=
-36,4,3rAHvPeEa0XYSEc/z11fr6+1uhI=,bHk/NECE0lDoqbmgVFsAwU2UBng=
-35,4,3rAHvPeEa0XYSEc/z11fr6+1uhI=,bHk/NECE0lDoqbmgVFsAwU2UBng=
-34,4,3rAHvPeEa0XYSEc/z11fr6+1uhI=,bHk/NECE0lDoqbmgVFsAwU2UBng=
-39,5,3rAHvPeEa0XYSEc/z11fr6+1uhI=,bHk/NECE0lDoqbmgVFsAwU2UBng=
-37,3,3rAHvPeEa0XYSEc/z11fr6+1uhI=,bHk/NECE0lDoqbmgVFsAwU2UBng=
-38,3,3rAHvPeEa0XYSEc/z11fr6+1uhI=,bHk/NECE0lDoqbmgVFsAwU2UBng=
-39,3,3rAHvPeEa0XYSEc/z11fr6+1uhI=,bHk/NECE0lDoqbmgVFsAwU2UBng=
-34,2,3rAHvPeEa0XYSEc/z11fr6+1uhI=,bHk/NECE0lDoqbmgVFsAwU2UBng=
-35,2,3rAHvPeEa0XYSEc/z11fr6+1uhI=,bHk/NECE0lDoqbmgVFsAwU2UBng=
-36,2,3rAHvPeEa0XYSEc/z11fr6+1uhI=,bHk/NECE0lDoqbmgVFsAwU2UBng=
-37,2,3rAHvPeEa0XYSEc/z11fr6+1uhI=,bHk/NECE0lDoqbmgVFsAwU2UBng=
-38,2,3rAHvPeEa0XYSEc/z11fr6+1uhI=,bHk/NECE0lDoqbmgVFsAwU2UBng=
-39,2,3rAHvPeEa0XYSEc/z11fr6+1uhI=,bHk/NECE0lDoqbmgVFsAwU2UBng=
-34,1,3rAHvPeEa0XYSEc/z11fr6+1uhI=,bHk/NECE0lDoqbmgVFsAwU2UBng=
-35,1,3rAHvPeEa0XYSEc/z11fr6+1uhI=,bHk/NECE0lDoqbmgVFsAwU2UBng=
-36,1,3rAHvPeEa0XYSEc/z11fr6+1uhI=,bHk/NECE0lDoqbmgVFsAwU2UBng=
-37,1,3rAHvPeEa0XYSEc/z11fr6+1uhI=,bHk/NECE0lDoqbmgVFsAwU2UBng=
-38,1,3rAHvPeEa0XYSEc/z11fr6+1uhI=,bHk/NECE0lDoqbmgVFsAwU2UBng=
-39,1,3rAHvPeEa0XYSEc/z11fr6+1uhI=,bHk/NECE0lDoqbmgVFsAwU2UBng=
-34,6,3rAHvPeEa0XYSEc/z11fr6+1uhI=,bHk/NECE0lDoqbmgVFsAwU2UBng=
-35,6,3rAHvPeEa0XYSEc/z11fr6+1uhI=,bHk/NECE0lDoqbmgVFsAwU2UBng=
-36,6,3rAHvPeEa0XYSEc/z11fr6+1uhI=,bHk/NECE0lDoqbmgVFsAwU2UBng=
-37,6,3rAHvPeEa0XYSEc/z11fr6+1uhI=,bHk/NECE0lDoqbmgVFsAwU2UBng=
-38,6,3rAHvPeEa0XYSEc/z11fr6+1uhI=,bHk/NECE0lDoqbmgVFsAwU2UBng=
-39,6,3rAHvPeEa0XYSEc/z11fr6+1uhI=,bHk/NECE0lDoqbmgVFsAwU2UBng=
-34,5,3rAHvPeEa0XYSEc/z11fr6+1uhI=,bHk/NECE0lDoqbmgVFsAwU2UBng=
-35,5,3rAHvPeEa0XYSEc/z11fr6+1uhI=,bHk/NECE0lDoqbmgVFsAwU2UBng=
-37,5,3rAHvPeEa0XYSEc/z11fr6+1uhI=,bHk/NECE0lDoqbmgVFsAwU2UBng=
-36,5,3rAHvPeEa0XYSEc/z11fr6+1uhI=,bHk/NECE0lDoqbmgVFsAwU2UBng=
-44,3,3rAHvPeEa0XYSEc/z11fr6+1uhI=,+x8Xw9REzLqBPqX0mRqqcriGonU=
-38,5,3rAHvPeEa0XYSEc/z11fr6+1uhI=,bHk/NECE0lDoqbmgVFsAwU2UBng=
-42,2,3rAHvPeEa0XYSEc/z11fr6+1uhI=,+x8Xw9REzLqBPqX0mRqqcriGonU=
-41,2,3rAHvPeEa0XYSEc/z11fr6+1uhI=,+x8Xw9REzLqBPqX0mRqqcriGonU=
-43,3,3rAHvPeEa0XYSEc/z11fr6+1uhI=,+x8Xw9REzLqBPqX0mRqqcriGonU=
-40,4,3rAHvPeEa0XYSEc/z11fr6+1uhI=,bHk/NECE0lDoqbmgVFsAwU2UBng=
-41,3,3rAHvPeEa0XYSEc/z11fr6+1uhI=,+x8Xw9REzLqBPqX0mRqqcriGonU=
-42,3,3rAHvPeEa0XYSEc/z11fr6+1uhI=,+x8Xw9REzLqBPqX0mRqqcriGonU=
-46,1,3rAHvPeEa0XYSEc/z11fr6+1uhI=,+x8Xw9REzLqBPqX0mRqqcriGonU=
-45,1,3rAHvPeEa0XYSEc/z11fr6+1uhI=,+x8Xw9REzLqBPqX0mRqqcriGonU=
-40,5,3rAHvPeEa0XYSEc/z11fr6+1uhI=,bHk/NECE0lDoqbmgVFsAwU2UBng=
-47,4,3rAHvPeEa0XYSEc/z11fr6+1uhI=,+x8Xw9REzLqBPqX0mRqqcriGonU=
-45,4,3rAHvPeEa0XYSEc/z11fr6+1uhI=,+x8Xw9REzLqBPqX0mRqqcriGonU=
-46,4,3rAHvPeEa0XYSEc/z11fr6+1uhI=,+x8Xw9REzLqBPqX0mRqqcriGonU=
-44,1,3rAHvPeEa0XYSEc/z11fr6+1uhI=,+x8Xw9REzLqBPqX0mRqqcriGonU=
-47,1,3rAHvPeEa0XYSEc/z11fr6+1uhI=,+x8Xw9REzLqBPqX0mRqqcriGonU=
-44,4,3rAHvPeEa0XYSEc/z11fr6+1uhI=,+x8Xw9REzLqBPqX0mRqqcriGonU=
-40,6,3rAHvPeEa0XYSEc/z11fr6+1uhI=,bHk/NECE0lDoqbmgVFsAwU2UBng=
-43,4,3rAHvPeEa0XYSEc/z11fr6+1uhI=,+x8Xw9REzLqBPqX0mRqqcriGonU=
-42,4,3rAHvPeEa0XYSEc/z11fr6+1uhI=,+x8Xw9REzLqBPqX0mRqqcriGonU=
-41,4,3rAHvPeEa0XYSEc/z11fr6+1uhI=,+x8Xw9REzLqBPqX0mRqqcriGonU=
-43,1,3rAHvPeEa0XYSEc/z11fr6+1uhI=,+x8Xw9REzLqBPqX0mRqqcriGonU=
-46,5,3rAHvPeEa0XYSEc/z11fr6+1uhI=,+x8Xw9REzLqBPqX0mRqqcriGonU=
-47,5,3rAHvPeEa0XYSEc/z11fr6+1uhI=,+x8Xw9REzLqBPqX0mRqqcriGonU=
-45,5,3rAHvPeEa0XYSEc/z11fr6+1uhI=,+x8Xw9REzLqBPqX0mRqqcriGonU=
-44,5,3rAHvPeEa0XYSEc/z11fr6+1uhI=,+x8Xw9REzLqBPqX0mRqqcriGonU=
-43,5,3rAHvPeEa0XYSEc/z11fr6+1uhI=,+x8Xw9REzLqBPqX0mRqqcriGonU=
-42,5,3rAHvPeEa0XYSEc/z11fr6+1uhI=,+x8Xw9REzLqBPqX0mRqqcriGonU=
-47,2,3rAHvPeEa0XYSEc/z11fr6+1uhI=,+x8Xw9REzLqBPqX0mRqqcriGonU=
-41,5,3rAHvPeEa0XYSEc/z11fr6+1uhI=,+x8Xw9REzLqBPqX0mRqqcriGonU=
-47,6,3rAHvPeEa0XYSEc/z11fr6+1uhI=,+x8Xw9REzLqBPqX0mRqqcriGonU=
-46,6,3rAHvPeEa0XYSEc/z11fr6+1uhI=,+x8Xw9REzLqBPqX0mRqqcriGonU=
-40,1,3rAHvPeEa0XYSEc/z11fr6+1uhI=,bHk/NECE0lDoqbmgVFsAwU2UBng=
-42,1,3rAHvPeEa0XYSEc/z11fr6+1uhI=,+x8Xw9REzLqBPqX0mRqqcriGonU=
-46,2,3rAHvPeEa0XYSEc/z11fr6+1uhI=,+x8Xw9REzLqBPqX0mRqqcriGonU=
-45,6,3rAHvPeEa0XYSEc/z11fr6+1uhI=,+x8Xw9REzLqBPqX0mRqqcriGonU=
-44,6,3rAHvPeEa0XYSEc/z11fr6+1uhI=,+x8Xw9REzLqBPqX0mRqqcriGonU=
-47,3,3rAHvPeEa0XYSEc/z11fr6+1uhI=,+x8Xw9REzLqBPqX0mRqqcriGonU=
-43,6,3rAHvPeEa0XYSEc/z11fr6+1uhI=,+x8Xw9REzLqBPqX0mRqqcriGonU=
-41,1,3rAHvPeEa0XYSEc/z11fr6+1uhI=,+x8Xw9REzLqBPqX0mRqqcriGonU=
-42,6,3rAHvPeEa0XYSEc/z11fr6+1uhI=,+x8Xw9REzLqBPqX0mRqqcriGonU=
-40,2,3rAHvPeEa0XYSEc/z11fr6+1uhI=,bHk/NECE0lDoqbmgVFsAwU2UBng=
-46,3,3rAHvPeEa0XYSEc/z11fr6+1uhI=,+x8Xw9REzLqBPqX0mRqqcriGonU=
-41,6,3rAHvPeEa0XYSEc/z11fr6+1uhI=,+x8Xw9REzLqBPqX0mRqqcriGonU=
-45,2,3rAHvPeEa0XYSEc/z11fr6+1uhI=,+x8Xw9REzLqBPqX0mRqqcriGonU=
-44,2,3rAHvPeEa0XYSEc/z11fr6+1uhI=,+x8Xw9REzLqBPqX0mRqqcriGonU=
-43,2,3rAHvPeEa0XYSEc/z11fr6+1uhI=,+x8Xw9REzLqBPqX0mRqqcriGonU=
-40,3,3rAHvPeEa0XYSEc/z11fr6+1uhI=,bHk/NECE0lDoqbmgVFsAwU2UBng=
-45,3,3rAHvPeEa0XYSEc/z11fr6+1uhI=,+x8Xw9REzLqBPqX0mRqqcriGonU=
-33,3,3rAHvPeEa0XYSEc/z11fr6+1uhI=,bHk/NECE0lDoqbmgVFsAwU2UBng=
-33,4,3rAHvPeEa0XYSEc/z11fr6+1uhI=,bHk/NECE0lDoqbmgVFsAwU2UBng=
-33,5,3rAHvPeEa0XYSEc/z11fr6+1uhI=,bHk/NECE0lDoqbmgVFsAwU2UBng=
-33,6,3rAHvPeEa0XYSEc/z11fr6+1uhI=,bHk/NECE0lDoqbmgVFsAwU2UBng=
-33,1,3rAHvPeEa0XYSEc/z11fr6+1uhI=,bHk/NECE0lDoqbmgVFsAwU2UBng=
-33,2,3rAHvPeEa0XYSEc/z11fr6+1uhI=,bHk/NECE0lDoqbmgVFsAwU2UBng=
-47,0,3rAHvPeEa0XYSEc/z11fr6+1uhI=,+x8Xw9REzLqBPqX0mRqqcriGonU=
-44,0,3rAHvPeEa0XYSEc/z11fr6+1uhI=,+x8Xw9REzLqBPqX0mRqqcriGonU=
-43,0,3rAHvPeEa0XYSEc/z11fr6+1uhI=,+x8Xw9REzLqBPqX0mRqqcriGonU=
-42,0,3rAHvPeEa0XYSEc/z11fr6+1uhI=,+x8Xw9REzLqBPqX0mRqqcriGonU=
-46,0,3rAHvPeEa0XYSEc/z11fr6+1uhI=,+x8Xw9REzLqBPqX0mRqqcriGonU=
-45,0,3rAHvPeEa0XYSEc/z11fr6+1uhI=,+x8Xw9REzLqBPqX0mRqqcriGonU=
-41,0,3rAHvPeEa0XYSEc/z11fr6+1uhI=,+x8Xw9REzLqBPqX0mRqqcriGonU=
-40,0,3rAHvPeEa0XYSEc/z11fr6+1uhI=,bHk/NECE0lDoqbmgVFsAwU2UBng=
-39,0,3rAHvPeEa0XYSEc/z11fr6+1uhI=,bHk/NECE0lDoqbmgVFsAwU2UBng=
-38,0,3rAHvPeEa0XYSEc/z11fr6+1uhI=,bHk/NECE0lDoqbmgVFsAwU2UBng=
-37,0,3rAHvPeEa0XYSEc/z11fr6+1uhI=,bHk/NECE0lDoqbmgVFsAwU2UBng=
-36,0,3rAHvPeEa0XYSEc/z11fr6+1uhI=,bHk/NECE0lDoqbmgVFsAwU2UBng=
-35,0,3rAHvPeEa0XYSEc/z11fr6+1uhI=,bHk/NECE0lDoqbmgVFsAwU2UBng=
-34,0,3rAHvPeEa0XYSEc/z11fr6+1uhI=,bHk/NECE0lDoqbmgVFsAwU2UBng=
-48,2,3rAHvPeEa0XYSEc/z11fr6+1uhI=,+x8Xw9REzLqBPqX0mRqqcriGonU=
-33,0,3rAHvPeEa0XYSEc/z11fr6+1uhI=,bHk/NECE0lDoqbmgVFsAwU2UBng=
-48,3,3rAHvPeEa0XYSEc/z11fr6+1uhI=,+x8Xw9REzLqBPqX0mRqqcriGonU=
-48,0,3rAHvPeEa0XYSEc/z11fr6+1uhI=,+x8Xw9REzLqBPqX0mRqqcriGonU=
-48,4,3rAHvPeEa0XYSEc/z11fr6+1uhI=,+x8Xw9REzLqBPqX0mRqqcriGonU=
-48,1,3rAHvPeEa0XYSEc/z11fr6+1uhI=,+x8Xw9REzLqBPqX0mRqqcriGonU=
-48,5,3rAHvPeEa0XYSEc/z11fr6+1uhI=,+x8Xw9REzLqBPqX0mRqqcriGonU=
-48,6,3rAHvPeEa0XYSEc/z11fr6+1uhI=,+x8Xw9REzLqBPqX0mRqqcriGonU=
-45,15,3rAHvPeEa0XYSEc/z11fr6+1uhI=,iVYtuifWCNRDq1SbWSCs+BXuCcs=
-44,15,3rAHvPeEa0XYSEc/z11fr6+1uhI=,iVYtuifWCNRDq1SbWSCs+BXuCcs=
-46,15,3rAHvPeEa0XYSEc/z11fr6+1uhI=,iVYtuifWCNRDq1SbWSCs+BXuCcs=
-43,15,3rAHvPeEa0XYSEc/z11fr6+1uhI=,iVYtuifWCNRDq1SbWSCs+BXuCcs=
-48,15,3rAHvPeEa0XYSEc/z11fr6+1uhI=,iVYtuifWCNRDq1SbWSCs+BXuCcs=
-47,15,3rAHvPeEa0XYSEc/z11fr6+1uhI=,iVYtuifWCNRDq1SbWSCs+BXuCcs=
-42,14,3rAHvPeEa0XYSEc/z11fr6+1uhI=,iVYtuifWCNRDq1SbWSCs+BXuCcs=
-44,14,3rAHvPeEa0XYSEc/z11fr6+1uhI=,iVYtuifWCNRDq1SbWSCs+BXuCcs=
-43,14,3rAHvPeEa0XYSEc/z11fr6+1uhI=,iVYtuifWCNRDq1SbWSCs+BXuCcs=
-42,7,3rAHvPeEa0XYSEc/z11fr6+1uhI=,+x8Xw9REzLqBPqX0mRqqcriGonU=
-45,14,3rAHvPeEa0XYSEc/z11fr6+1uhI=,iVYtuifWCNRDq1SbWSCs+BXuCcs=
-48,8,3rAHvPeEa0XYSEc/z11fr6+1uhI=,iVYtuifWCNRDq1SbWSCs+BXuCcs=
-43,7,3rAHvPeEa0XYSEc/z11fr6+1uhI=,+x8Xw9REzLqBPqX0mRqqcriGonU=
-44,7,3rAHvPeEa0XYSEc/z11fr6+1uhI=,+x8Xw9REzLqBPqX0mRqqcriGonU=
-46,14,3rAHvPeEa0XYSEc/z11fr6+1uhI=,iVYtuifWCNRDq1SbWSCs+BXuCcs=
-47,14,3rAHvPeEa0XYSEc/z11fr6+1uhI=,iVYtuifWCNRDq1SbWSCs+BXuCcs=
-45,7,3rAHvPeEa0XYSEc/z11fr6+1uhI=,+x8Xw9REzLqBPqX0mRqqcriGonU=
-48,14,3rAHvPeEa0XYSEc/z11fr6+1uhI=,iVYtuifWCNRDq1SbWSCs+BXuCcs=
-42,13,3rAHvPeEa0XYSEc/z11fr6+1uhI=,iVYtuifWCNRDq1SbWSCs+BXuCcs=
-43,13,3rAHvPeEa0XYSEc/z11fr6+1uhI=,iVYtuifWCNRDq1SbWSCs+BXuCcs=
-44,13,3rAHvPeEa0XYSEc/z11fr6+1uhI=,iVYtuifWCNRDq1SbWSCs+BXuCcs=
-45,13,3rAHvPeEa0XYSEc/z11fr6+1uhI=,iVYtuifWCNRDq1SbWSCs+BXuCcs=
-47,13,3rAHvPeEa0XYSEc/z11fr6+1uhI=,iVYtuifWCNRDq1SbWSCs+BXuCcs=
-46,13,3rAHvPeEa0XYSEc/z11fr6+1uhI=,iVYtuifWCNRDq1SbWSCs+BXuCcs=
-48,13,3rAHvPeEa0XYSEc/z11fr6+1uhI=,iVYtuifWCNRDq1SbWSCs+BXuCcs=
-42,12,3rAHvPeEa0XYSEc/z11fr6+1uhI=,iVYtuifWCNRDq1SbWSCs+BXuCcs=
-43,12,3rAHvPeEa0XYSEc/z11fr6+1uhI=,iVYtuifWCNRDq1SbWSCs+BXuCcs=
-44,12,3rAHvPeEa0XYSEc/z11fr6+1uhI=,iVYtuifWCNRDq1SbWSCs+BXuCcs=
-45,12,3rAHvPeEa0XYSEc/z11fr6+1uhI=,iVYtuifWCNRDq1SbWSCs+BXuCcs=
-46,12,3rAHvPeEa0XYSEc/z11fr6+1uhI=,iVYtuifWCNRDq1SbWSCs+BXuCcs=
-48,12,3rAHvPeEa0XYSEc/z11fr6+1uhI=,iVYtuifWCNRDq1SbWSCs+BXuCcs=
-42,11,3rAHvPeEa0XYSEc/z11fr6+1uhI=,iVYtuifWCNRDq1SbWSCs+BXuCcs=
-43,11,3rAHvPeEa0XYSEc/z11fr6+1uhI=,iVYtuifWCNRDq1SbWSCs+BXuCcs=
-47,12,3rAHvPeEa0XYSEc/z11fr6+1uhI=,iVYtuifWCNRDq1SbWSCs+BXuCcs=
-44,11,3rAHvPeEa0XYSEc/z11fr6+1uhI=,iVYtuifWCNRDq1SbWSCs+BXuCcs=
-45,11,3rAHvPeEa0XYSEc/z11fr6+1uhI=,iVYtuifWCNRDq1SbWSCs+BXuCcs=
-47,11,3rAHvPeEa0XYSEc/z11fr6+1uhI=,iVYtuifWCNRDq1SbWSCs+BXuCcs=
-46,11,3rAHvPeEa0XYSEc/z11fr6+1uhI=,iVYtuifWCNRDq1SbWSCs+BXuCcs=
-48,11,3rAHvPeEa0XYSEc/z11fr6+1uhI=,iVYtuifWCNRDq1SbWSCs+BXuCcs=
-46,7,3rAHvPeEa0XYSEc/z11fr6+1uhI=,+x8Xw9REzLqBPqX0mRqqcriGonU=
-47,7,3rAHvPeEa0XYSEc/z11fr6+1uhI=,+x8Xw9REzLqBPqX0mRqqcriGonU=
-47,8,3rAHvPeEa0XYSEc/z11fr6+1uhI=,iVYtuifWCNRDq1SbWSCs+BXuCcs=
-44,10,3rAHvPeEa0XYSEc/z11fr6+1uhI=,iVYtuifWCNRDq1SbWSCs+BXuCcs=
-45,10,3rAHvPeEa0XYSEc/z11fr6+1uhI=,iVYtuifWCNRDq1SbWSCs+BXuCcs=
-46,10,3rAHvPeEa0XYSEc/z11fr6+1uhI=,iVYtuifWCNRDq1SbWSCs+BXuCcs=
-47,10,3rAHvPeEa0XYSEc/z11fr6+1uhI=,iVYtuifWCNRDq1SbWSCs+BXuCcs=
-48,7,3rAHvPeEa0XYSEc/z11fr6+1uhI=,+x8Xw9REzLqBPqX0mRqqcriGonU=
-48,10,3rAHvPeEa0XYSEc/z11fr6+1uhI=,iVYtuifWCNRDq1SbWSCs+BXuCcs=
-43,10,3rAHvPeEa0XYSEc/z11fr6+1uhI=,iVYtuifWCNRDq1SbWSCs+BXuCcs=
-46,8,3rAHvPeEa0XYSEc/z11fr6+1uhI=,iVYtuifWCNRDq1SbWSCs+BXuCcs=
-42,9,3rAHvPeEa0XYSEc/z11fr6+1uhI=,iVYtuifWCNRDq1SbWSCs+BXuCcs=
-43,9,3rAHvPeEa0XYSEc/z11fr6+1uhI=,iVYtuifWCNRDq1SbWSCs+BXuCcs=
-44,9,3rAHvPeEa0XYSEc/z11fr6+1uhI=,iVYtuifWCNRDq1SbWSCs+BXuCcs=
-45,8,3rAHvPeEa0XYSEc/z11fr6+1uhI=,iVYtuifWCNRDq1SbWSCs+BXuCcs=
-45,9,3rAHvPeEa0XYSEc/z11fr6+1uhI=,iVYtuifWCNRDq1SbWSCs+BXuCcs=
-42,15,3rAHvPeEa0XYSEc/z11fr6+1uhI=,iVYtuifWCNRDq1SbWSCs+BXuCcs=
-42,10,3rAHvPeEa0XYSEc/z11fr6+1uhI=,iVYtuifWCNRDq1SbWSCs+BXuCcs=
-46,9,3rAHvPeEa0XYSEc/z11fr6+1uhI=,iVYtuifWCNRDq1SbWSCs+BXuCcs=
-48,9,3rAHvPeEa0XYSEc/z11fr6+1uhI=,iVYtuifWCNRDq1SbWSCs+BXuCcs=
-42,8,3rAHvPeEa0XYSEc/z11fr6+1uhI=,iVYtuifWCNRDq1SbWSCs+BXuCcs=
-47,9,3rAHvPeEa0XYSEc/z11fr6+1uhI=,iVYtuifWCNRDq1SbWSCs+BXuCcs=
-44,8,3rAHvPeEa0XYSEc/z11fr6+1uhI=,iVYtuifWCNRDq1SbWSCs+BXuCcs=
-43,8,3rAHvPeEa0XYSEc/z11fr6+1uhI=,iVYtuifWCNRDq1SbWSCs+BXuCcs=
-36,13,3rAHvPeEa0XYSEc/z11fr6+1uhI=,DsByOQiXL4eZCTTieOevvQu1l+g=
-35,13,3rAHvPeEa0XYSEc/z11fr6+1uhI=,DsByOQiXL4eZCTTieOevvQu1l+g=
-41,15,3rAHvPeEa0XYSEc/z11fr6+1uhI=,iVYtuifWCNRDq1SbWSCs+BXuCcs=
-34,13,3rAHvPeEa0XYSEc/z11fr6+1uhI=,DsByOQiXL4eZCTTieOevvQu1l+g=
-37,13,3rAHvPeEa0XYSEc/z11fr6+1uhI=,DsByOQiXL4eZCTTieOevvQu1l+g=
-38,13,3rAHvPeEa0XYSEc/z11fr6+1uhI=,DsByOQiXL4eZCTTieOevvQu1l+g=
-39,13,3rAHvPeEa0XYSEc/z11fr6+1uhI=,DsByOQiXL4eZCTTieOevvQu1l+g=
-41,14,3rAHvPeEa0XYSEc/z11fr6+1uhI=,iVYtuifWCNRDq1SbWSCs+BXuCcs=
-34,7,3rAHvPeEa0XYSEc/z11fr6+1uhI=,bHk/NECE0lDoqbmgVFsAwU2UBng=
-33,12,3rAHvPeEa0XYSEc/z11fr6+1uhI=,DsByOQiXL4eZCTTieOevvQu1l+g=
-40,13,3rAHvPeEa0XYSEc/z11fr6+1uhI=,DsByOQiXL4eZCTTieOevvQu1l+g=
-34,12,3rAHvPeEa0XYSEc/z11fr6+1uhI=,DsByOQiXL4eZCTTieOevvQu1l+g=
-35,12,3rAHvPeEa0XYSEc/z11fr6+1uhI=,DsByOQiXL4eZCTTieOevvQu1l+g=
-36,12,3rAHvPeEa0XYSEc/z11fr6+1uhI=,DsByOQiXL4eZCTTieOevvQu1l+g=
-37,12,3rAHvPeEa0XYSEc/z11fr6+1uhI=,DsByOQiXL4eZCTTieOevvQu1l+g=
-38,12,3rAHvPeEa0XYSEc/z11fr6+1uhI=,DsByOQiXL4eZCTTieOevvQu1l+g=
-39,12,3rAHvPeEa0XYSEc/z11fr6+1uhI=,DsByOQiXL4eZCTTieOevvQu1l+g=
-40,12,3rAHvPeEa0XYSEc/z11fr6+1uhI=,DsByOQiXL4eZCTTieOevvQu1l+g=
-35,7,3rAHvPeEa0XYSEc/z11fr6+1uhI=,bHk/NECE0lDoqbmgVFsAwU2UBng=
-40,8,3rAHvPeEa0XYSEc/z11fr6+1uhI=,DsByOQiXL4eZCTTieOevvQu1l+g=
-33,7,3rAHvPeEa0XYSEc/z11fr6+1uhI=,bHk/NECE0lDoqbmgVFsAwU2UBng=
-41,13,3rAHvPeEa0XYSEc/z11fr6+1uhI=,iVYtuifWCNRDq1SbWSCs+BXuCcs=
-35,11,3rAHvPeEa0XYSEc/z11fr6+1uhI=,DsByOQiXL4eZCTTieOevvQu1l+g=
-36,11,3rAHvPeEa0XYSEc/z11fr6+1uhI=,DsByOQiXL4eZCTTieOevvQu1l+g=
-37,11,3rAHvPeEa0XYSEc/z11fr6+1uhI=,DsByOQiXL4eZCTTieOevvQu1l+g=
-34,11,3rAHvPeEa0XYSEc/z11fr6+1uhI=,DsByOQiXL4eZCTTieOevvQu1l+g=
-39,11,3rAHvPeEa0XYSEc/z11fr6+1uhI=,DsByOQiXL4eZCTTieOevvQu1l+g=
-38,11,3rAHvPeEa0XYSEc/z11fr6+1uhI=,DsByOQiXL4eZCTTieOevvQu1l+g=
-41,12,3rAHvPeEa0XYSEc/z11fr6+1uhI=,iVYtuifWCNRDq1SbWSCs+BXuCcs=
-33,11,3rAHvPeEa0XYSEc/z11fr6+1uhI=,DsByOQiXL4eZCTTieOevvQu1l+g=
-36,7,3rAHvPeEa0XYSEc/z11fr6+1uhI=,bHk/NECE0lDoqbmgVFsAwU2UBng=
-40,11,3rAHvPeEa0XYSEc/z11fr6+1uhI=,DsByOQiXL4eZCTTieOevvQu1l+g=
-37,7,3rAHvPeEa0XYSEc/z11fr6+1uhI=,bHk/NECE0lDoqbmgVFsAwU2UBng=
-41,7,3rAHvPeEa0XYSEc/z11fr6+1uhI=,+x8Xw9REzLqBPqX0mRqqcriGonU=
-39,8,3rAHvPeEa0XYSEc/z11fr6+1uhI=,DsByOQiXL4eZCTTieOevvQu1l+g=
-40,7,3rAHvPeEa0XYSEc/z11fr6+1uhI=,bHk/NECE0lDoqbmgVFsAwU2UBng=
-39,7,3rAHvPeEa0XYSEc/z11fr6+1uhI=,bHk/NECE0lDoqbmgVFsAwU2UBng=
-37,10,3rAHvPeEa0XYSEc/z11fr6+1uhI=,DsByOQiXL4eZCTTieOevvQu1l+g=
-38,7,3rAHvPeEa0XYSEc/z11fr6+1uhI=,bHk/NECE0lDoqbmgVFsAwU2UBng=
-36,10,3rAHvPeEa0XYSEc/z11fr6+1uhI=,DsByOQiXL4eZCTTieOevvQu1l+g=
-33,10,3rAHvPeEa0XYSEc/z11fr6+1uhI=,DsByOQiXL4eZCTTieOevvQu1l+g=
-33,15,3rAHvPeEa0XYSEc/z11fr6+1uhI=,DsByOQiXL4eZCTTieOevvQu1l+g=
-35,15,3rAHvPeEa0XYSEc/z11fr6+1uhI=,DsByOQiXL4eZCTTieOevvQu1l+g=
-34,15,3rAHvPeEa0XYSEc/z11fr6+1uhI=,DsByOQiXL4eZCTTieOevvQu1l+g=
-36,15,3rAHvPeEa0XYSEc/z11fr6+1uhI=,DsByOQiXL4eZCTTieOevvQu1l+g=
-37,15,3rAHvPeEa0XYSEc/z11fr6+1uhI=,DsByOQiXL4eZCTTieOevvQu1l+g=
-38,10,3rAHvPeEa0XYSEc/z11fr6+1uhI=,DsByOQiXL4eZCTTieOevvQu1l+g=
-41,11,3rAHvPeEa0XYSEc/z11fr6+1uhI=,iVYtuifWCNRDq1SbWSCs+BXuCcs=
-38,15,3rAHvPeEa0XYSEc/z11fr6+1uhI=,DsByOQiXL4eZCTTieOevvQu1l+g=
-35,10,3rAHvPeEa0XYSEc/z11fr6+1uhI=,DsByOQiXL4eZCTTieOevvQu1l+g=
-34,10,3rAHvPeEa0XYSEc/z11fr6+1uhI=,DsByOQiXL4eZCTTieOevvQu1l+g=
-39,15,3rAHvPeEa0XYSEc/z11fr6+1uhI=,DsByOQiXL4eZCTTieOevvQu1l+g=
-41,8,3rAHvPeEa0XYSEc/z11fr6+1uhI=,iVYtuifWCNRDq1SbWSCs+BXuCcs=
-33,14,3rAHvPeEa0XYSEc/z11fr6+1uhI=,DsByOQiXL4eZCTTieOevvQu1l+g=
-40,15,3rAHvPeEa0XYSEc/z11fr6+1uhI=,DsByOQiXL4eZCTTieOevvQu1l+g=
-35,14,3rAHvPeEa0XYSEc/z11fr6+1uhI=,DsByOQiXL4eZCTTieOevvQu1l+g=
-34,14,3rAHvPeEa0XYSEc/z11fr6+1uhI=,DsByOQiXL4eZCTTieOevvQu1l+g=
-39,10,3rAHvPeEa0XYSEc/z11fr6+1uhI=,DsByOQiXL4eZCTTieOevvQu1l+g=
-40,10,3rAHvPeEa0XYSEc/z11fr6+1uhI=,DsByOQiXL4eZCTTieOevvQu1l+g=
-33,9,3rAHvPeEa0XYSEc/z11fr6+1uhI=,DsByOQiXL4eZCTTieOevvQu1l+g=
-38,14,3rAHvPeEa0XYSEc/z11fr6+1uhI=,DsByOQiXL4eZCTTieOevvQu1l+g=
-36,14,3rAHvPeEa0XYSEc/z11fr6+1uhI=,DsByOQiXL4eZCTTieOevvQu1l+g=
-37,14,3rAHvPeEa0XYSEc/z11fr6+1uhI=,DsByOQiXL4eZCTTieOevvQu1l+g=
-35,9,3rAHvPeEa0XYSEc/z11fr6+1uhI=,DsByOQiXL4eZCTTieOevvQu1l+g=
-40,14,3rAHvPeEa0XYSEc/z11fr6+1uhI=,DsByOQiXL4eZCTTieOevvQu1l+g=
-39,14,3rAHvPeEa0XYSEc/z11fr6+1uhI=,DsByOQiXL4eZCTTieOevvQu1l+g=
-38,9,3rAHvPeEa0XYSEc/z11fr6+1uhI=,DsByOQiXL4eZCTTieOevvQu1l+g=
-38,8,3rAHvPeEa0XYSEc/z11fr6+1uhI=,DsByOQiXL4eZCTTieOevvQu1l+g=
-33,13,3rAHvPeEa0XYSEc/z11fr6+1uhI=,DsByOQiXL4eZCTTieOevvQu1l+g=
-36,9,3rAHvPeEa0XYSEc/z11fr6+1uhI=,DsByOQiXL4eZCTTieOevvQu1l+g=
-37,9,3rAHvPeEa0XYSEc/z11fr6+1uhI=,DsByOQiXL4eZCTTieOevvQu1l+g=
-41,10,3rAHvPeEa0XYSEc/z11fr6+1uhI=,iVYtuifWCNRDq1SbWSCs+BXuCcs=
-34,8,3rAHvPeEa0XYSEc/z11fr6+1uhI=,DsByOQiXL4eZCTTieOevvQu1l+g=
-39,9,3rAHvPeEa0XYSEc/z11fr6+1uhI=,DsByOQiXL4eZCTTieOevvQu1l+g=
-35,8,3rAHvPeEa0XYSEc/z11fr6+1uhI=,DsByOQiXL4eZCTTieOevvQu1l+g=
-40,9,3rAHvPeEa0XYSEc/z11fr6+1uhI=,DsByOQiXL4eZCTTieOevvQu1l+g=
-36,8,3rAHvPeEa0XYSEc/z11fr6+1uhI=,DsByOQiXL4eZCTTieOevvQu1l+g=
-41,9,3rAHvPeEa0XYSEc/z11fr6+1uhI=,iVYtuifWCNRDq1SbWSCs+BXuCcs=
-37,8,3rAHvPeEa0XYSEc/z11fr6+1uhI=,DsByOQiXL4eZCTTieOevvQu1l+g=
-34,9,3rAHvPeEa0XYSEc/z11fr6+1uhI=,DsByOQiXL4eZCTTieOevvQu1l+g=
-33,8,3rAHvPeEa0XYSEc/z11fr6+1uhI=,DsByOQiXL4eZCTTieOevvQu1l+g=
