10,11,z2WUtpO/DQWfvHRF5aAQD9bM7n4=,ZN6q8kLBRbFFXYWQl/goumnMYqY=
11,11,z2WUtpO/DQWfvHRF5aAQD9bM7n4=,ZN6q8kLBRbFFXYWQl/goumnMYqY=
10,10,z2WUtpO/DQWfvHRF5aAQD9bM7n4=,ZN6q8kLBRbFFXYWQl/goumnMYqY=
11,13,z2WUtpO/DQWfvHRF5aAQD9bM7n4=,ZN6q8kLBRbFFXYWQl/goumnMYqY=
11,12,z2WUtpO/DQWfvHRF5aAQD9bM7n4=,ZN6q8kLBRbFFXYWQl/goumnMYqY=
9,9,z2WUtpO/DQWfvHRF5aAQD9bM7n4=,ZN6q8kLBRbFFXYWQl/goumnMYqY=
14,14,z2WUtpO/DQWfvHRF5aAQD9bM7n4=,ZN6q8kLBRbFFXYWQl/goumnMYqY=
9,10,z2WUtpO/DQWfvHRF5aAQD9bM7n4=,ZN6q8kLBRbFFXYWQl/goumnMYqY=
13,14,z2WUtpO/DQWfvHRF5aAQD9bM7n4=,ZN6q8kLBRbFFXYWQl/goumnMYqY=
12,14,z2WUtpO/DQWfvHRF5aAQD9bM7n4=,ZN6q8kLBRbFFXYWQl/goumnMYqY=
10,13,z2WUtpO/DQWfvHRF5aAQD9bM7n4=,ZN6q8kLBRbFFXYWQl/goumnMYqY=
14,9,z2WUtpO/DQWfvHRF5aAQD9bM7n4=,ZN6q8kLBRbFFXYWQl/goumnMYqY=
10,12,z2WUtpO/DQWfvHRF5aAQD9bM7n4=,ZN6q8kLBRbFFXYWQl/goumnMYqY=
11,14,z2WUtpO/DQWfvHRF5aAQD9bM7n4=,ZN6q8kLBRbFFXYWQl/goumnMYqY=
9,12,z2WUtpO/DQWfvHRF5aAQD9bM7n4=,ZN6q8kLBRbFFXYWQl/goumnMYqY=
14,13,z2WUtpO/DQWfvHRF5aAQD9bM7n4=,ZN6q8kLBRbFFXYWQl/goumnMYqY=
13,9,z2WUtpO/DQWfvHRF5aAQD9bM7n4=,ZN6q8kLBRbFFXYWQl/goumnMYqY=
13,13,z2WUtpO/DQWfvHRF5aAQD9bM7n4=,ZN6q8kLBRbFFXYWQl/goumnMYqY=
12,13,z2WUtpO/DQWfvHRF5aAQD9bM7n4=,ZN6q8kLBRbFFXYWQl/goumnMYqY=
12,9,z2WUtpO/DQWfvHRF5aAQD9bM7n4=,ZN6q8kLBRbFFXYWQl/goumnMYqY=
11,9,z2WUtpO/DQWfvHRF5aAQD9bM7n4=,ZN6q8kLBRbFFXYWQl/goumnMYqY=
9,14,z2WUtpO/DQWfvHRF5aAQD9bM7n4=,ZN6q8kLBRbFFXYWQl/goumnMYqY=
14,10,z2WUtpO/DQWfvHRF5aAQD9bM7n4=,ZN6q8kLBRbFFXYWQl/goumnMYqY=
14,12,z2WUtpO/DQWfvHRF5aAQD9bM7n4=,ZN6q8kLBRbFFXYWQl/goumnMYqY=
13,12,z2WUtpO/DQWfvHRF5aAQD9bM7n4=,ZN6q8kLBRbFFXYWQl/goumnMYqY=
12,12,z2WUtpO/DQWfvHRF5aAQD9bM7n4=,ZN6q8kLBRbFFXYWQl/goumnMYqY=
14,11,z2WUtpO/DQWfvHRF5aAQD9bM7n4=,ZN6q8kLBRbFFXYWQl/goumnMYqY=
13,10,z2WUtpO/DQWfvHRF5aAQD9bM7n4=,ZN6q8kLBRbFFXYWQl/goumnMYqY=
12,10,z2WUtpO/DQWfvHRF5aAQD9bM7n4=,ZN6q8kLBRbFFXYWQl/goumnMYqY=
13,11,z2WUtpO/DQWfvHRF5aAQD9bM7n4=,ZN6q8kLBRbFFXYWQl/goumnMYqY=
11,10,z2WUtpO/DQWfvHRF5aAQD9bM7n4=,ZN6q8kLBRbFFXYWQl/goumnMYqY=
9,11,z2WUtpO/DQWfvHRF5aAQD9bM7n4=,ZN6q8kLBRbFFXYWQl/goumnMYqY=
12,11,z2WUtpO/DQWfvHRF5aAQD9bM7n4=,ZN6q8kLBRbFFXYWQl/goumnMYqY=
9,13,z2WUtpO/DQWfvHRF5aAQD9bM7n4=,ZN6q8kLBRbFFXYWQl/goumnMYqY=
10,14,z2WUtpO/DQWfvHRF5aAQD9bM7n4=,ZN6q8kLBRbFFXYWQl/goumnMYqY=
10,9,z2WUtpO/DQWfvHRF5aAQD9bM7n4=,ZN6q8kLBRbFFXYWQl/goumnMYqY=
12,15,z2WUtpO/DQWfvHRF5aAQD9bM7n4=,ZN6q8kLBRbFFXYWQl/goumnMYqY=
13,15,z2WUtpO/DQWfvHRF5aAQD9bM7n4=,ZN6q8kLBRbFFXYWQl/goumnMYqY=
9,15,z2WUtpO/DQWfvHRF5aAQD9bM7n4=,ZN6q8kLBRbFFXYWQl/goumnMYqY=
14,15,z2WUtpO/DQWfvHRF5aAQD9bM7n4=,ZN6q8kLBRbFFXYWQl/goumnMYqY=
10,15,z2WUtpO/DQWfvHRF5aAQD9bM7n4=,ZN6q8kLBRbFFXYWQl/goumnMYqY=
11,15,z2WUtpO/DQWfvHRF5aAQD9bM7n4=,ZN6q8kLBRbFFXYWQl/goumnMYqY=
15,11,z2WUtpO/DQWfvHRF5aAQD9bM7n4=,ZN6q8kLBRbFFXYWQl/goumnMYqY=
15,9,z2WUtpO/DQWfvHRF5aAQD9bM7n4=,ZN6q8kLBRbFFXYWQl/goumnMYqY=
15,14,z2WUtpO/DQWfvHRF5aAQD9bM7n4=,ZN6q8kLBRbFFXYWQl/goumnMYqY=
15,10,z2WUtpO/DQWfvHRF5aAQD9bM7n4=,ZN6q8kLBRbFFXYWQl/goumnMYqY=
15,13,z2WUtpO/DQWfvHRF5aAQD9bM7n4=,ZN6q8kLBRbFFXYWQl/goumnMYqY=
15,12,z2WUtpO/DQWfvHRF5aAQD9bM7n4=,ZN6q8kLBRbFFXYWQl/goumnMYqY=
15,15,z2WUtpO/DQWfvHRF5aAQD9bM7n4=,ZN6q8kLBRbFFXYWQl/goumnMYqY=
15,7,t1xI44bJPLGDEKgQDwUztkST32E=,ZN6q8kLBRbFFXYWQl/goumnMYqY=
14,7,t1xI44bJPLGDEKgQDwUztkST32E=,ZN6q8kLBRbFFXYWQl/goumnMYqY=
13,7,t1xI44bJPLGDEKgQDwUztkST32E=,ZN6q8kLBRbFFXYWQl/goumnMYqY=
12,7,t1xI44bJPLGDEKgQDwUztkST32E=,ZN6q8kLBRbFFXYWQl/goumnMYqY=
11,7,t1xI44bJPLGDEKgQDwUztkST32E=,ZN6q8kLBRbFFXYWQl/goumnMYqY=
10,7,t1xI44bJPLGDEKgQDwUztkST32E=,ZN6q8kLBRbFFXYWQl/goumnMYqY=
9,7,t1xI44bJPLGDEKgQDwUztkST32E=,ZN6q8kLBRbFFXYWQl/goumnMYqY=
11,1,t1xI44bJPLGDEKgQDwUztkST32E=,ZN6q8kLBRbFFXYWQl/goumnMYqY=
11,0,t1xI44bJPLGDEKgQDwUztkST32E=,ZN6q8kLBRbFFXYWQl/goumnMYqY=
15,1,t1xI44bJPLGDEKgQDwUztkST32E=,ZN6q8kLBRbFFXYWQl/goumnMYqY=
10,1,t1xI44bJPLGDEKgQDwUztkST32E=,ZN6q8kLBRbFFXYWQl/goumnMYqY=
9,1,t1xI44bJPLGDEKgQDwUztkST32E=,ZN6q8kLBRbFFXYWQl/goumnMYqY=
15,0,t1xI44bJPLGDEKgQDwUztkST32E=,ZN6q8kLBRbFFXYWQl/goumnMYqY=
10,0,t1xI44bJPLGDEKgQDwUztkST32E=,ZN6q8kLBRbFFXYWQl/goumnMYqY=
15,6,t1xI44bJPLGDEKgQDwUztkST32E=,ZN6q8kLBRbFFXYWQl/goumnMYqY=
9,0,t1xI44bJPLGDEKgQDwUztkST32E=,ZN6q8kLBRbFFXYWQl/goumnMYqY=
14,6,t1xI44bJPLGDEKgQDwUztkST32E=,ZN6q8kLBRbFFXYWQl/goumnMYqY=
14,1,t1xI44bJPLGDEKgQDwUztkST32E=,ZN6q8kLBRbFFXYWQl/goumnMYqY=
14,0,t1xI44bJPLGDEKgQDwUztkST32E=,ZN6q8kLBRbFFXYWQl/goumnMYqY=
13,0,t1xI44bJPLGDEKgQDwUztkST32E=,ZN6q8kLBRbFFXYWQl/goumnMYqY=
13,1,t1xI44bJPLGDEKgQDwUztkST32E=,ZN6q8kLBRbFFXYWQl/goumnMYqY=
12,0,t1xI44bJPLGDEKgQDwUztkST32E=,ZN6q8kLBRbFFXYWQl/goumnMYqY=
15,8,t1xI44bJPLGDEKgQDwUztkST32E=,ZN6q8kLBRbFFXYWQl/goumnMYqY=
14,8,t1xI44bJPLGDEKgQDwUztkST32E=,ZN6q8kLBRbFFXYWQl/goumnMYqY=
12,1,t1xI44bJPLGDEKgQDwUztkST32E=,ZN6q8kLBRbFFXYWQl/goumnMYqY=
13,8,t1xI44bJPLGDEKgQDwUztkST32E=,ZN6q8kLBRbFFXYWQl/goumnMYqY=
12,8,t1xI44bJPLGDEKgQDwUztkST32E=,ZN6q8kLBRbFFXYWQl/goumnMYqY=
11,8,t1xI44bJPLGDEKgQDwUztkST32E=,ZN6q8kLBRbFFXYWQl/goumnMYqY=
10,8,t1xI44bJPLGDEKgQDwUztkST32E=,ZN6q8kLBRbFFXYWQl/goumnMYqY=
9,8,t1xI44bJPLGDEKgQDwUztkST32E=,ZN6q8kLBRbFFXYWQl/goumnMYqY=
9,2,t1xI44bJPLGDEKgQDwUztkST32E=,ZN6q8kLBRbFFXYWQl/goumnMYqY=
10,2,t1xI44bJPLGDEKgQDwUztkST32E=,ZN6q8kLBRbFFXYWQl/goumnMYqY=
11,2,t1xI44bJPLGDEKgQDwUztkST32E=,ZN6q8kLBRbFFXYWQl/goumnMYqY=
13,2,t1xI44bJPLGDEKgQDwUztkST32E=,ZN6q8kLBRbFFXYWQl/goumnMYqY=
14,2,t1xI44bJPLGDEKgQDwUztkST32E=,ZN6q8kLBRbFFXYWQl/goumnMYqY=
11,3,t1xI44bJPLGDEKgQDwUztkST32E=,ZN6q8kLBRbFFXYWQl/goumnMYqY=
10,3,t1xI44bJPLGDEKgQDwUztkST32E=,ZN6q8kLBRbFFXYWQl/goumnMYqY=
9,3,t1xI44bJPLGDEKgQDwUztkST32E=,ZN6q8kLBRbFFXYWQl/goumnMYqY=
15,2,t1xI44bJPLGDEKgQDwUztkST32E=,ZN6q8kLBRbFFXYWQl/goumnMYqY=
12,3,t1xI44bJPLGDEKgQDwUztkST32E=,ZN6q8kLBRbFFXYWQl/goumnMYqY=
13,3,t1xI44bJPLGDEKgQDwUztkST32E=,ZN6q8kLBRbFFXYWQl/goumnMYqY=
15,3,t1xI44bJPLGDEKgQDwUztkST32E=,ZN6q8kLBRbFFXYWQl/goumnMYqY=
14,3,t1xI44bJPLGDEKgQDwUztkST32E=,ZN6q8kLBRbFFXYWQl/goumnMYqY=
9,4,t1xI44bJPLGDEKgQDwUztkST32E=,ZN6q8kLBRbFFXYWQl/goumnMYqY=
12,2,t1xI44bJPLGDEKgQDwUztkST32E=,ZN6q8kLBRbFFXYWQl/goumnMYqY=
12,4,t1xI44bJPLGDEKgQDwUztkST32E=,ZN6q8kLBRbFFXYWQl/goumnMYqY=
13,4,t1xI44bJPLGDEKgQDwUztkST32E=,ZN6q8kLBRbFFXYWQl/goumnMYqY=
15,4,t1xI44bJPLGDEKgQDwUztkST32E=,ZN6q8kLBRbFFXYWQl/goumnMYqY=
14,4,t1xI44bJPLGDEKgQDwUztkST32E=,ZN6q8kLBRbFFXYWQl/goumnMYqY=
9,5,t1xI44bJPLGDEKgQDwUztkST32E=,ZN6q8kLBRbFFXYWQl/goumnMYqY=
10,5,t1xI44bJPLGDEKgQDwUztkST32E=,ZN6q8kLBRbFFXYWQl/goumnMYqY=
11,5,t1xI44bJPLGDEKgQDwUztkST32E=,ZN6q8kLBRbFFXYWQl/goumnMYqY=
13,5,t1xI44bJPLGDEKgQDwUztkST32E=,ZN6q8kLBRbFFXYWQl/goumnMYqY=
14,5,t1xI44bJPLGDEKgQDwUztkST32E=,ZN6q8kLBRbFFXYWQl/goumnMYqY=
15,5,t1xI44bJPLGDEKgQDwUztkST32E=,ZN6q8kLBRbFFXYWQl/goumnMYqY=
12,5,t1xI44bJPLGDEKgQDwUztkST32E=,ZN6q8kLBRbFFXYWQl/goumnMYqY=
9,6,t1xI44bJPLGDEKgQDwUztkST32E=,ZN6q8kLBRbFFXYWQl/goumnMYqY=
10,6,t1xI44bJPLGDEKgQDwUztkST32E=,ZN6q8kLBRbFFXYWQl/goumnMYqY=
12,6,t1xI44bJPLGDEKgQDwUztkST32E=,ZN6q8kLBRbFFXYWQl/goumnMYqY=
13,6,t1xI44bJPLGDEKgQDwUztkST32E=,ZN6q8kLBRbFFXYWQl/goumnMYqY=
11,6,t1xI44bJPLGDEKgQDwUztkST32E=,ZN6q8kLBRbFFXYWQl/goumnMYqY=
10,4,t1xI44bJPLGDEKgQDwUztkST32E=,ZN6q8kLBRbFFXYWQl/goumnMYqY=
11,4,t1xI44bJPLGDEKgQDwUztkST32E=,ZN6q8kLBRbFFXYWQl/goumnMYqY=
2,14,t1xI44bJPLGDEKgQDwUztkST32E=,ZN6q8kLBRbFFXYWQl/goumnMYqY=
7,15,t1xI44bJPLGDEKgQDwUztkST32E=,ZN6q8kLBRbFFXYWQl/goumnMYqY=
1,15,t1xI44bJPLGDEKgQDwUztkST32E=,ZN6q8kLBRbFFXYWQl/goumnMYqY=
6,15,t1xI44bJPLGDEKgQDwUztkST32E=,ZN6q8kLBRbFFXYWQl/goumnMYqY=
2,11,t1xI44bJPLGDEKgQDwUztkST32E=,ZN6q8kLBRbFFXYWQl/goumnMYqY=
1,10,t1xI44bJPLGDEKgQDwUztkST32E=,ZN6q8kLBRbFFXYWQl/goumnMYqY=
3,11,t1xI44bJPLGDEKgQDwUztkST32E=,ZN6q8kLBRbFFXYWQl/goumnMYqY=
1,13,t1xI44bJPLGDEKgQDwUztkST32E=,ZN6q8kLBRbFFXYWQl/goumnMYqY=
0,13,t1xI44bJPLGDEKgQDwUztkST32E=,ZN6q8kLBRbFFXYWQl/goumnMYqY=
7,9,t1xI44bJPLGDEKgQDwUztkST32E=,ZN6q8kLBRbFFXYWQl/goumnMYqY=
1,11,t1xI44bJPLGDEKgQDwUztkST32E=,ZN6q8kLBRbFFXYWQl/goumnMYqY=
0,15,t1xI44bJPLGDEKgQDwUztkST32E=,ZN6q8kLBRbFFXYWQl/goumnMYqY=
0,11,t1xI44bJPLGDEKgQDwUztkST32E=,ZN6q8kLBRbFFXYWQl/goumnMYqY=
8,10,t1xI44bJPLGDEKgQDwUztkST32E=,ZN6q8kLBRbFFXYWQl/goumnMYqY=
1,14,t1xI44bJPLGDEKgQDwUztkST32E=,ZN6q8kLBRbFFXYWQl/goumnMYqY=
7,12,t1xI44bJPLGDEKgQDwUztkST32E=,ZN6q8kLBRbFFXYWQl/goumnMYqY=
8,15,t1xI44bJPLGDEKgQDwUztkST32E=,ZN6q8kLBRbFFXYWQl/goumnMYqY=
8,9,t1xI44bJPLGDEKgQDwUztkST32E=,ZN6q8kLBRbFFXYWQl/goumnMYqY=
5,9,t1xI44bJPLGDEKgQDwUztkST32E=,ZN6q8kLBRbFFXYWQl/goumnMYqY=
6,9,t1xI44bJPLGDEKgQDwUztkST32E=,ZN6q8kLBRbFFXYWQl/goumnMYqY=
0,14,t1xI44bJPLGDEKgQDwUztkST32E=,ZN6q8kLBRbFFXYWQl/goumnMYqY=
7,13,t1xI44bJPLGDEKgQDwUztkST32E=,ZN6q8kLBRbFFXYWQl/goumnMYqY=
8,7,t1xI44bJPLGDEKgQDwUztkST32E=,ZN6q8kLBRbFFXYWQl/goumnMYqY=
4,9,t1xI44bJPLGDEKgQDwUztkST32E=,ZN6q8kLBRbFFXYWQl/goumnMYqY=
7,4,t1xI44bJPLGDEKgQDwUztkST32E=,ZN6q8kLBRbFFXYWQl/goumnMYqY=
4,1,t1xI44bJPLGDEKgQDwUztkST32E=,ZN6q8kLBRbFFXYWQl/goumnMYqY=
6,4,t1xI44bJPLGDEKgQDwUztkST32E=,ZN6q8kLBRbFFXYWQl/goumnMYqY=
6,12,t1xI44bJPLGDEKgQDwUztkST32E=,ZN6q8kLBRbFFXYWQl/goumnMYqY=
8,6,t1xI44bJPLGDEKgQDwUztkST32E=,ZN6q8kLBRbFFXYWQl/goumnMYqY=
0,7,t1xI44bJPLGDEKgQDwUztkST32E=,ZN6q8kLBRbFFXYWQl/goumnMYqY=
1,7,t1xI44bJPLGDEKgQDwUztkST32E=,ZN6q8kLBRbFFXYWQl/goumnMYqY=
0,10,t1xI44bJPLGDEKgQDwUztkST32E=,ZN6q8kLBRbFFXYWQl/goumnMYqY=
8,1,t1xI44bJPLGDEKgQDwUztkST32E=,ZN6q8kLBRbFFXYWQl/goumnMYqY=
3,9,t1xI44bJPLGDEKgQDwUztkST32E=,ZN6q8kLBRbFFXYWQl/goumnMYqY=
5,1,t1xI44bJPLGDEKgQDwUztkST32E=,ZN6q8kLBRbFFXYWQl/goumnMYqY=
7,6,t1xI44bJPLGDEKgQDwUztkST32E=,ZN6q8kLBRbFFXYWQl/goumnMYqY=
8,5,t1xI44bJPLGDEKgQDwUztkST32E=,ZN6q8kLBRbFFXYWQl/goumnMYqY=
8,11,t1xI44bJPLGDEKgQDwUztkST32E=,ZN6q8kLBRbFFXYWQl/goumnMYqY=
2,9,t1xI44bJPLGDEKgQDwUztkST32E=,ZN6q8kLBRbFFXYWQl/goumnMYqY=
8,0,t1xI44bJPLGDEKgQDwUztkST32E=,ZN6q8kLBRbFFXYWQl/goumnMYqY=
8,14,t1xI44bJPLGDEKgQDwUztkST32E=,ZN6q8kLBRbFFXYWQl/goumnMYqY=
1,8,t1xI44bJPLGDEKgQDwUztkST32E=,ZN6q8kLBRbFFXYWQl/goumnMYqY=
5,12,t1xI44bJPLGDEKgQDwUztkST32E=,ZN6q8kLBRbFFXYWQl/goumnMYqY=
8,4,t1xI44bJPLGDEKgQDwUztkST32E=,ZN6q8kLBRbFFXYWQl/goumnMYqY=
7,1,t1xI44bJPLGDEKgQDwUztkST32E=,ZN6q8kLBRbFFXYWQl/goumnMYqY=
4,12,t1xI44bJPLGDEKgQDwUztkST32E=,ZN6q8kLBRbFFXYWQl/goumnMYqY=
2,12,t1xI44bJPLGDEKgQDwUztkST32E=,ZN6q8kLBRbFFXYWQl/goumnMYqY=
1,12,t1xI44bJPLGDEKgQDwUztkST32E=,ZN6q8kLBRbFFXYWQl/goumnMYqY=
1,9,t1xI44bJPLGDEKgQDwUztkST32E=,ZN6q8kLBRbFFXYWQl/goumnMYqY=
3,12,t1xI44bJPLGDEKgQDwUztkST32E=,ZN6q8kLBRbFFXYWQl/goumnMYqY=
8,3,t1xI44bJPLGDEKgQDwUztkST32E=,ZN6q8kLBRbFFXYWQl/goumnMYqY=
8,12,t1xI44bJPLGDEKgQDwUztkST32E=,ZN6q8kLBRbFFXYWQl/goumnMYqY=
0,9,t1xI44bJPLGDEKgQDwUztkST32E=,ZN6q8kLBRbFFXYWQl/goumnMYqY=
0,12,t1xI44bJPLGDEKgQDwUztkST32E=,ZN6q8kLBRbFFXYWQl/goumnMYqY=
7,11,t1xI44bJPLGDEKgQDwUztkST32E=,ZN6q8kLBRbFFXYWQl/goumnMYqY=
1,4,t1xI44bJPLGDEKgQDwUztkST32E=,ZN6q8kLBRbFFXYWQl/goumnMYqY=
7,10,t1xI44bJPLGDEKgQDwUztkST32E=,ZN6q8kLBRbFFXYWQl/goumnMYqY=
7,2,t1xI44bJPLGDEKgQDwUztkST32E=,ZN6q8kLBRbFFXYWQl/goumnMYqY=
0,8,t1xI44bJPLGDEKgQDwUztkST32E=,ZN6q8kLBRbFFXYWQl/goumnMYqY=
8,2,t1xI44bJPLGDEKgQDwUztkST32E=,ZN6q8kLBRbFFXYWQl/goumnMYqY=
7,3,t1xI44bJPLGDEKgQDwUztkST32E=,ZN6q8kLBRbFFXYWQl/goumnMYqY=
7,0,t1xI44bJPLGDEKgQDwUztkST32E=,ZN6q8kLBRbFFXYWQl/goumnMYqY=
5,4,t1xI44bJPLGDEKgQDwUztkST32E=,ZN6q8kLBRbFFXYWQl/goumnMYqY=
4,11,t1xI44bJPLGDEKgQDwUztkST32E=,ZN6q8kLBRbFFXYWQl/goumnMYqY=
5,11,t1xI44bJPLGDEKgQDwUztkST32E=,ZN6q8kLBRbFFXYWQl/goumnMYqY=
3,4,t1xI44bJPLGDEKgQDwUztkST32E=,ZN6q8kLBRbFFXYWQl/goumnMYqY=
4,4,t1xI44bJPLGDEKgQDwUztkST32E=,ZN6q8kLBRbFFXYWQl/goumnMYqY=
6,6,t1xI44bJPLGDEKgQDwUztkST32E=,ZN6q8kLBRbFFXYWQl/goumnMYqY=
5,15,t1xI44bJPLGDEKgQDwUztkST32E=,ZN6q8kLBRbFFXYWQl/goumnMYqY=
5,6,t1xI44bJPLGDEKgQDwUztkST32E=,ZN6q8kLBRbFFXYWQl/goumnMYqY=
6,13,t1xI44bJPLGDEKgQDwUztkST32E=,ZN6q8kLBRbFFXYWQl/goumnMYqY=
3,15,t1xI44bJPLGDEKgQDwUztkST32E=,ZN6q8kLBRbFFXYWQl/goumnMYqY=
1,5,t1xI44bJPLGDEKgQDwUztkST32E=,ZN6q8kLBRbFFXYWQl/goumnMYqY=
2,8,t1xI44bJPLGDEKgQDwUztkST32E=,ZN6q8kLBRbFFXYWQl/goumnMYqY=
4,15,t1xI44bJPLGDEKgQDwUztkST32E=,ZN6q8kLBRbFFXYWQl/goumnMYqY=
0,5,t1xI44bJPLGDEKgQDwUztkST32E=,ZN6q8kLBRbFFXYWQl/goumnMYqY=
4,6,t1xI44bJPLGDEKgQDwUztkST32E=,ZN6q8kLBRbFFXYWQl/goumnMYqY=
3,3,t1xI44bJPLGDEKgQDwUztkST32E=,ZN6q8kLBRbFFXYWQl/goumnMYqY=
6,10,t1xI44bJPLGDEKgQDwUztkST32E=,ZN6q8kLBRbFFXYWQl/goumnMYqY=
2,7,t1xI44bJPLGDEKgQDwUztkST32E=,ZN6q8kLBRbFFXYWQl/goumnMYqY=
2,3,t1xI44bJPLGDEKgQDwUztkST32E=,ZN6q8kLBRbFFXYWQl/goumnMYqY=
1,3,t1xI44bJPLGDEKgQDwUztkST32E=,ZN6q8kLBRbFFXYWQl/goumnMYqY=
5,10,t1xI44bJPLGDEKgQDwUztkST32E=,ZN6q8kLBRbFFXYWQl/goumnMYqY=
3,2,t1xI44bJPLGDEKgQDwUztkST32E=,ZN6q8kLBRbFFXYWQl/goumnMYqY=
2,13,t1xI44bJPLGDEKgQDwUztkST32E=,ZN6q8kLBRbFFXYWQl/goumnMYqY=
1,1,t1xI44bJPLGDEKgQDwUztkST32E=,ZN6q8kLBRbFFXYWQl/goumnMYqY=
6,14,t1xI44bJPLGDEKgQDwUztkST32E=,ZN6q8kLBRbFFXYWQl/goumnMYqY=
2,5,t1xI44bJPLGDEKgQDwUztkST32E=,ZN6q8kLBRbFFXYWQl/goumnMYqY=
5,14,t1xI44bJPLGDEKgQDwUztkST32E=,ZN6q8kLBRbFFXYWQl/goumnMYqY=
5,13,t1xI44bJPLGDEKgQDwUztkST32E=,ZN6q8kLBRbFFXYWQl/goumnMYqY=
4,13,t1xI44bJPLGDEKgQDwUztkST32E=,ZN6q8kLBRbFFXYWQl/goumnMYqY=
7,14,t1xI44bJPLGDEKgQDwUztkST32E=,ZN6q8kLBRbFFXYWQl/goumnMYqY=
8,13,t1xI44bJPLGDEKgQDwUztkST32E=,ZN6q8kLBRbFFXYWQl/goumnMYqY=
3,13,t1xI44bJPLGDEKgQDwUztkST32E=,ZN6q8kLBRbFFXYWQl/goumnMYqY=
3,7,t1xI44bJPLGDEKgQDwUztkST32E=,ZN6q8kLBRbFFXYWQl/goumnMYqY=
7,7,t1xI44bJPLGDEKgQDwUztkST32E=,ZN6q8kLBRbFFXYWQl/goumnMYqY=
3,1,t1xI44bJPLGDEKgQDwUztkST32E=,ZN6q8kLBRbFFXYWQl/goumnMYqY=
3,14,t1xI44bJPLGDEKgQDwUztkST32E=,ZN6q8kLBRbFFXYWQl/goumnMYqY=
0,3,t1xI44bJPLGDEKgQDwUztkST32E=,ZN6q8kLBRbFFXYWQl/goumnMYqY=
3,10,t1xI44bJPLGDEKgQDwUztkST32E=,ZN6q8kLBRbFFXYWQl/goumnMYqY=
1,0,t1xI44bJPLGDEKgQDwUztkST32E=,ZN6q8kLBRbFFXYWQl/goumnMYqY=
3,8,t1xI44bJPLGDEKgQDwUztkST32E=,ZN6q8kLBRbFFXYWQl/goumnMYqY=
2,10,t1xI44bJPLGDEKgQDwUztkST32E=,ZN6q8kLBRbFFXYWQl/goumnMYqY=
7,8,t1xI44bJPLGDEKgQDwUztkST32E=,ZN6q8kLBRbFFXYWQl/goumnMYqY=
6,2,t1xI44bJPLGDEKgQDwUztkST32E=,ZN6q8kLBRbFFXYWQl/goumnMYqY=
3,6,t1xI44bJPLGDEKgQDwUztkST32E=,ZN6q8kLBRbFFXYWQl/goumnMYqY=
2,6,t1xI44bJPLGDEKgQDwUztkST32E=,ZN6q8kLBRbFFXYWQl/goumnMYqY=
6,0,t1xI44bJPLGDEKgQDwUztkST32E=,ZN6q8kLBRbFFXYWQl/goumnMYqY=
4,8,t1xI44bJPLGDEKgQDwUztkST32E=,ZN6q8kLBRbFFXYWQl/goumnMYqY=
1,6,t1xI44bJPLGDEKgQDwUztkST32E=,ZN6q8kLBRbFFXYWQl/goumnMYqY=
2,1,t1xI44bJPLGDEKgQDwUztkST32E=,ZN6q8kLBRbFFXYWQl/goumnMYqY=
5,2,t1xI44bJPLGDEKgQDwUztkST32E=,ZN6q8kLBRbFFXYWQl/goumnMYqY=
2,4,t1xI44bJPLGDEKgQDwUztkST32E=,ZN6q8kLBRbFFXYWQl/goumnMYqY=
5,0,t1xI44bJPLGDEKgQDwUztkST32E=,ZN6q8kLBRbFFXYWQl/goumnMYqY=
0,6,t1xI44bJPLGDEKgQDwUztkST32E=,ZN6q8kLBRbFFXYWQl/goumnMYqY=
2,0,t1xI44bJPLGDEKgQDwUztkST32E=,ZN6q8kLBRbFFXYWQl/goumnMYqY=
7,5,t1xI44bJPLGDEKgQDwUztkST32E=,ZN6q8kLBRbFFXYWQl/goumnMYqY=
2,2,t1xI44bJPLGDEKgQDwUztkST32E=,ZN6q8kLBRbFFXYWQl/goumnMYqY=
6,8,t1xI44bJPLGDEKgQDwUztkST32E=,ZN6q8kLBRbFFXYWQl/goumnMYqY=
6,3,t1xI44bJPLGDEKgQDwUztkST32E=,ZN6q8kLBRbFFXYWQl/goumnMYqY=
4,14,t1xI44bJPLGDEKgQDwUztkST32E=,ZN6q8kLBRbFFXYWQl/goumnMYqY=
4,10,t1xI44bJPLGDEKgQDwUztkST32E=,ZN6q8kLBRbFFXYWQl/goumnMYqY=
5,8,t1xI44bJPLGDEKgQDwUztkST32E=,ZN6q8kLBRbFFXYWQl/goumnMYqY=
0,0,t1xI44bJPLGDEKgQDwUztkST32E=,ZN6q8kLBRbFFXYWQl/goumnMYqY=
5,7,t1xI44bJPLGDEKgQDwUztkST32E=,ZN6q8kLBRbFFXYWQl/goumnMYqY=
4,2,t1xI44bJPLGDEKgQDwUztkST32E=,ZN6q8kLBRbFFXYWQl/goumnMYqY=
0,4,t1xI44bJPLGDEKgQDwUztkST32E=,ZN6q8kLBRbFFXYWQl/goumnMYqY=
6,11,t1xI44bJPLGDEKgQDwUztkST32E=,ZN6q8kLBRbFFXYWQl/goumnMYqY=
3,0,t1xI44bJPLGDEKgQDwUztkST32E=,ZN6q8kLBRbFFXYWQl/goumnMYqY=
2,15,t1xI44bJPLGDEKgQDwUztkST32E=,ZN6q8kLBRbFFXYWQl/goumnMYqY=
6,1,t1xI44bJPLGDEKgQDwUztkST32E=,ZN6q8kLBRbFFXYWQl/goumnMYqY=
8,8,t1xI44bJPLGDEKgQDwUztkST32E=,ZN6q8kLBRbFFXYWQl/goumnMYqY=
6,5,t1xI44bJPLGDEKgQDwUztkST32E=,ZN6q8kLBRbFFXYWQl/goumnMYqY=
6,7,t1xI44bJPLGDEKgQDwUztkST32E=,ZN6q8kLBRbFFXYWQl/goumnMYqY=
4,0,t1xI44bJPLGDEKgQDwUztkST32E=,ZN6q8kLBRbFFXYWQl/goumnMYqY=
5,5,t1xI44bJPLGDEKgQDwUztkST32E=,ZN6q8kLBRbFFXYWQl/goumnMYqY=
4,3,t1xI44bJPLGDEKgQDwUztkST32E=,ZN6q8kLBRbFFXYWQl/goumnMYqY=
4,5,t1xI44bJPLGDEKgQDwUztkST32E=,ZN6q8kLBRbFFXYWQl/goumnMYqY=
0,2,t1xI44bJPLGDEKgQDwUztkST32E=,ZN6q8kLBRbFFXYWQl/goumnMYqY=
3,5,t1xI44bJPLGDEKgQDwUztkST32E=,ZN6q8kLBRbFFXYWQl/goumnMYqY=
1,2,t1xI44bJPLGDEKgQDwUztkST32E=,ZN6q8kLBRbFFXYWQl/goumnMYqY=
0,1,t1xI44bJPLGDEKgQDwUztkST32E=,ZN6q8kLBRbFFXYWQl/goumnMYqY=
4,7,t1xI44bJPLGDEKgQDwUztkST32E=,ZN6q8kLBRbFFXYWQl/goumnMYqY=
5,3,t1xI44bJPLGDEKgQDwUztkST32E=,ZN6q8kLBRbFFXYWQl/goumnMYqY=
12,23,t1xI44bJPLGDEKgQDwUztkST32E=,ZN6q8kLBRbFFXYWQl/goumnMYqY=
13,23,t1xI44bJPLGDEKgQDwUztkST32E=,ZN6q8kLBRbFFXYWQl/goumnMYqY=
14,23,t1xI44bJPLGDEKgQDwUztkST32E=,ZN6q8kLBRbFFXYWQl/goumnMYqY=
15,23,t1xI44bJPLGDEKgQDwUztkST32E=,ZN6q8kLBRbFFXYWQl/goumnMYqY=
9,16,t1xI44bJPLGDEKgQDwUztkST32E=,ZN6q8kLBRbFFXYWQl/goumnMYqY=
11,23,t1xI44bJPLGDEKgQDwUztkST32E=,ZN6q8kLBRbFFXYWQl/goumnMYqY=
10,16,t1xI44bJPLGDEKgQDwUztkST32E=,ZN6q8kLBRbFFXYWQl/goumnMYqY=
11,16,t1xI44bJPLGDEKgQDwUztkST32E=,ZN6q8kLBRbFFXYWQl/goumnMYqY=
10,23,t1xI44bJPLGDEKgQDwUztkST32E=,ZN6q8kLBRbFFXYWQl/goumnMYqY=
9,23,t1xI44bJPLGDEKgQDwUztkST32E=,ZN6q8kLBRbFFXYWQl/goumnMYqY=
15,22,t1xI44bJPLGDEKgQDwUztkST32E=,ZN6q8kLBRbFFXYWQl/goumnMYqY=
14,22,t1xI44bJPLGDEKgQDwUztkST32E=,ZN6q8kLBRbFFXYWQl/goumnMYqY=
13,22,t1xI44bJPLGDEKgQDwUztkST32E=,ZN6q8kLBRbFFXYWQl/goumnMYqY=
12,22,t1xI44bJPLGDEKgQDwUztkST32E=,ZN6q8kLBRbFFXYWQl/goumnMYqY=
11,22,t1xI44bJPLGDEKgQDwUztkST32E=,ZN6q8kLBRbFFXYWQl/goumnMYqY=
10,22,t1xI44bJPLGDEKgQDwUztkST32E=,ZN6q8kLBRbFFXYWQl/goumnMYqY=
9,22,t1xI44bJPLGDEKgQDwUztkST32E=,ZN6q8kLBRbFFXYWQl/goumnMYqY=
15,21,t1xI44bJPLGDEKgQDwUztkST32E=,ZN6q8kLBRbFFXYWQl/goumnMYqY=
14,21,t1xI44bJPLGDEKgQDwUztkST32E=,ZN6q8kLBRbFFXYWQl/goumnMYqY=
13,21,t1xI44bJPLGDEKgQDwUztkST32E=,ZN6q8kLBRbFFXYWQl/goumnMYqY=
12,21,t1xI44bJPLGDEKgQDwUztkST32E=,ZN6q8kLBRbFFXYWQl/goumnMYqY=
11,21,t1xI44bJPLGDEKgQDwUztkST32E=,ZN6q8kLBRbFFXYWQl/goumnMYqY=
10,21,t1xI44bJPLGDEKgQDwUztkST32E=,ZN6q8kLBRbFFXYWQl/goumnMYqY=
9,21,t1xI44bJPLGDEKgQDwUztkST32E=,ZN6q8kLBRbFFXYWQl/goumnMYqY=
15,20,t1xI44bJPLGDEKgQDwUztkST32E=,ZN6q8kLBRbFFXYWQl/goumnMYqY=
14,20,t1xI44bJPLGDEKgQDwUztkST32E=,ZN6q8kLBRbFFXYWQl/goumnMYqY=
13,20,t1xI44bJPLGDEKgQDwUztkST32E=,ZN6q8kLBRbFFXYWQl/goumnMYqY=
12,20,t1xI44bJPLGDEKgQDwUztkST32E=,ZN6q8kLBRbFFXYWQl/goumnMYqY=
11,20,t1xI44bJPLGDEKgQDwUztkST32E=,ZN6q8kLBRbFFXYWQl/goumnMYqY=
10,20,t1xI44bJPLGDEKgQDwUztkST32E=,ZN6q8kLBRbFFXYWQl/goumnMYqY=
9,20,t1xI44bJPLGDEKgQDwUztkST32E=,ZN6q8kLBRbFFXYWQl/goumnMYqY=
15,19,t1xI44bJPLGDEKgQDwUztkST32E=,ZN6q8kLBRbFFXYWQl/goumnMYqY=
14,19,t1xI44bJPLGDEKgQDwUztkST32E=,ZN6q8kLBRbFFXYWQl/goumnMYqY=
13,19,t1xI44bJPLGDEKgQDwUztkST32E=,ZN6q8kLBRbFFXYWQl/goumnMYqY=
12,19,t1xI44bJPLGDEKgQDwUztkST32E=,ZN6q8kLBRbFFXYWQl/goumnMYqY=
11,19,t1xI44bJPLGDEKgQDwUztkST32E=,ZN6q8kLBRbFFXYWQl/goumnMYqY=
10,19,t1xI44bJPLGDEKgQDwUztkST32E=,ZN6q8kLBRbFFXYWQl/goumnMYqY=
9,19,t1xI44bJPLGDEKgQDwUztkST32E=,ZN6q8kLBRbFFXYWQl/goumnMYqY=
15,18,t1xI44bJPLGDEKgQDwUztkST32E=,ZN6q8kLBRbFFXYWQl/goumnMYqY=
14,18,t1xI44bJPLGDEKgQDwUztkST32E=,ZN6q8kLBRbFFXYWQl/goumnMYqY=
13,18,t1xI44bJPLGDEKgQDwUztkST32E=,ZN6q8kLBRbFFXYWQl/goumnMYqY=
12,18,t1xI44bJPLGDEKgQDwUztkST32E=,ZN6q8kLBRbFFXYWQl/goumnMYqY=
11,18,t1xI44bJPLGDEKgQDwUztkST32E=,ZN6q8kLBRbFFXYWQl/goumnMYqY=
10,18,t1xI44bJPLGDEKgQDwUztkST32E=,ZN6q8kLBRbFFXYWQl/goumnMYqY=
9,18,t1xI44bJPLGDEKgQDwUztkST32E=,ZN6q8kLBRbFFXYWQl/goumnMYqY=
15,17,t1xI44bJPLGDEKgQDwUztkST32E=,ZN6q8kLBRbFFXYWQl/goumnMYqY=
14,17,t1xI44bJPLGDEKgQDwUztkST32E=,ZN6q8kLBRbFFXYWQl/goumnMYqY=
13,17,t1xI44bJPLGDEKgQDwUztkST32E=,ZN6q8kLBRbFFXYWQl/goumnMYqY=
12,17,t1xI44bJPLGDEKgQDwUztkST32E=,ZN6q8kLBRbFFXYWQl/goumnMYqY=
11,17,t1xI44bJPLGDEKgQDwUztkST32E=,ZN6q8kLBRbFFXYWQl/goumnMYqY=
10,17,t1xI44bJPLGDEKgQDwUztkST32E=,ZN6q8kLBRbFFXYWQl/goumnMYqY=
9,17,t1xI44bJPLGDEKgQDwUztkST32E=,ZN6q8kLBRbFFXYWQl/goumnMYqY=
15,16,t1xI44bJPLGDEKgQDwUztkST32E=,ZN6q8kLBRbFFXYWQl/goumnMYqY=
14,16,t1xI44bJPLGDEKgQDwUztkST32E=,ZN6q8kLBRbFFXYWQl/goumnMYqY=
13,16,t1xI44bJPLGDEKgQDwUztkST32E=,ZN6q8kLBRbFFXYWQl/goumnMYqY=
12,16,t1xI44bJPLGDEKgQDwUztkST32E=,ZN6q8kLBRbFFXYWQl/goumnMYqY=
3,23,t1xI44bJPLGDEKgQDwUztkST32E=,ZN6q8kLBRbFFXYWQl/goumnMYqY=
5,22,t1xI44bJPLGDEKgQDwUztkST32E=,ZN6q8kLBRbFFXYWQl/goumnMYqY=
5,21,t1xI44bJPLGDEKgQDwUztkST32E=,ZN6q8kLBRbFFXYWQl/goumnMYqY=
4,22,t1xI44bJPLGDEKgQDwUztkST32E=,ZN6q8kLBRbFFXYWQl/goumnMYqY=
3,22,t1xI44bJPLGDEKgQDwUztkST32E=,ZN6q8kLBRbFFXYWQl/goumnMYqY=
7,20,t1xI44bJPLGDEKgQDwUztkST32E=,ZN6q8kLBRbFFXYWQl/goumnMYqY=
2,23,t1xI44bJPLGDEKgQDwUztkST32E=,ZN6q8kLBRbFFXYWQl/goumnMYqY=
4,21,t1xI44bJPLGDEKgQDwUztkST32E=,ZN6q8kLBRbFFXYWQl/goumnMYqY=
8,23,t1xI44bJPLGDEKgQDwUztkST32E=,ZN6q8kLBRbFFXYWQl/goumnMYqY=
4,16,t1xI44bJPLGDEKgQDwUztkST32E=,ZN6q8kLBRbFFXYWQl/goumnMYqY=
3,21,t1xI44bJPLGDEKgQDwUztkST32E=,ZN6q8kLBRbFFXYWQl/goumnMYqY=
3,16,t1xI44bJPLGDEKgQDwUztkST32E=,ZN6q8kLBRbFFXYWQl/goumnMYqY=
4,23,t1xI44bJPLGDEKgQDwUztkST32E=,ZN6q8kLBRbFFXYWQl/goumnMYqY=
3,18,t1xI44bJPLGDEKgQDwUztkST32E=,ZN6q8kLBRbFFXYWQl/goumnMYqY=
1,19,t1xI44bJPLGDEKgQDwUztkST32E=,ZN6q8kLBRbFFXYWQl/goumnMYqY=
2,18,t1xI44bJPLGDEKgQDwUztkST32E=,ZN6q8kLBRbFFXYWQl/goumnMYqY=
1,23,t1xI44bJPLGDEKgQDwUztkST32E=,ZN6q8kLBRbFFXYWQl/goumnMYqY=
3,19,t1xI44bJPLGDEKgQDwUztkST32E=,ZN6q8kLBRbFFXYWQl/goumnMYqY=
0,23,t1xI44bJPLGDEKgQDwUztkST32E=,ZN6q8kLBRbFFXYWQl/goumnMYqY=
2,22,t1xI44bJPLGDEKgQDwUztkST32E=,ZN6q8kLBRbFFXYWQl/goumnMYqY=
2,19,t1xI44bJPLGDEKgQDwUztkST32E=,ZN6q8kLBRbFFXYWQl/goumnMYqY=
2,21,t1xI44bJPLGDEKgQDwUztkST32E=,ZN6q8kLBRbFFXYWQl/goumnMYqY=
8,22,t1xI44bJPLGDEKgQDwUztkST32E=,ZN6q8kLBRbFFXYWQl/goumnMYqY=
7,22,t1xI44bJPLGDEKgQDwUztkST32E=,ZN6q8kLBRbFFXYWQl/goumnMYqY=
2,20,t1xI44bJPLGDEKgQDwUztkST32E=,ZN6q8kLBRbFFXYWQl/goumnMYqY=
0,16,t1xI44bJPLGDEKgQDwUztkST32E=,ZN6q8kLBRbFFXYWQl/goumnMYqY=
2,16,t1xI44bJPLGDEKgQDwUztkST32E=,ZN6q8kLBRbFFXYWQl/goumnMYqY=
7,18,t1xI44bJPLGDEKgQDwUztkST32E=,ZN6q8kLBRbFFXYWQl/goumnMYqY=
8,21,t1xI44bJPLGDEKgQDwUztkST32E=,ZN6q8kLBRbFFXYWQl/goumnMYqY=
0,19,t1xI44bJPLGDEKgQDwUztkST32E=,ZN6q8kLBRbFFXYWQl/goumnMYqY=
1,21,t1xI44bJPLGDEKgQDwUztkST32E=,ZN6q8kLBRbFFXYWQl/goumnMYqY=
3,20,t1xI44bJPLGDEKgQDwUztkST32E=,ZN6q8kLBRbFFXYWQl/goumnMYqY=
3,17,t1xI44bJPLGDEKgQDwUztkST32E=,ZN6q8kLBRbFFXYWQl/goumnMYqY=
2,17,t1xI44bJPLGDEKgQDwUztkST32E=,ZN6q8kLBRbFFXYWQl/goumnMYqY=
4,20,t1xI44bJPLGDEKgQDwUztkST32E=,ZN6q8kLBRbFFXYWQl/goumnMYqY=
6,22,t1xI44bJPLGDEKgQDwUztkST32E=,ZN6q8kLBRbFFXYWQl/goumnMYqY=
1,20,t1xI44bJPLGDEKgQDwUztkST32E=,ZN6q8kLBRbFFXYWQl/goumnMYqY=
6,18,t1xI44bJPLGDEKgQDwUztkST32E=,ZN6q8kLBRbFFXYWQl/goumnMYqY=
1,17,t1xI44bJPLGDEKgQDwUztkST32E=,ZN6q8kLBRbFFXYWQl/goumnMYqY=
5,20,t1xI44bJPLGDEKgQDwUztkST32E=,ZN6q8kLBRbFFXYWQl/goumnMYqY=
0,17,t1xI44bJPLGDEKgQDwUztkST32E=,ZN6q8kLBRbFFXYWQl/goumnMYqY=
6,20,t1xI44bJPLGDEKgQDwUztkST32E=,ZN6q8kLBRbFFXYWQl/goumnMYqY=
5,23,t1xI44bJPLGDEKgQDwUztkST32E=,ZN6q8kLBRbFFXYWQl/goumnMYqY=
6,23,t1xI44bJPLGDEKgQDwUztkST32E=,ZN6q8kLBRbFFXYWQl/goumnMYqY=
7,23,t1xI44bJPLGDEKgQDwUztkST32E=,ZN6q8kLBRbFFXYWQl/goumnMYqY=
1,18,t1xI44bJPLGDEKgQDwUztkST32E=,ZN6q8kLBRbFFXYWQl/goumnMYqY=
8,20,t1xI44bJPLGDEKgQDwUztkST32E=,ZN6q8kLBRbFFXYWQl/goumnMYqY=
7,19,t1xI44bJPLGDEKgQDwUztkST32E=,ZN6q8kLBRbFFXYWQl/goumnMYqY=
0,21,t1xI44bJPLGDEKgQDwUztkST32E=,ZN6q8kLBRbFFXYWQl/goumnMYqY=
7,16,t1xI44bJPLGDEKgQDwUztkST32E=,ZN6q8kLBRbFFXYWQl/goumnMYqY=
4,18,t1xI44bJPLGDEKgQDwUztkST32E=,ZN6q8kLBRbFFXYWQl/goumnMYqY=
5,18,t1xI44bJPLGDEKgQDwUztkST32E=,ZN6q8kLBRbFFXYWQl/goumnMYqY=
7,17,t1xI44bJPLGDEKgQDwUztkST32E=,ZN6q8kLBRbFFXYWQl/goumnMYqY=
1,22,t1xI44bJPLGDEKgQDwUztkST32E=,ZN6q8kLBRbFFXYWQl/goumnMYqY=
0,18,t1xI44bJPLGDEKgQDwUztkST32E=,ZN6q8kLBRbFFXYWQl/goumnMYqY=
0,20,t1xI44bJPLGDEKgQDwUztkST32E=,ZN6q8kLBRbFFXYWQl/goumnMYqY=
8,19,t1xI44bJPLGDEKgQDwUztkST32E=,ZN6q8kLBRbFFXYWQl/goumnMYqY=
6,21,t1xI44bJPLGDEKgQDwUztkST32E=,ZN6q8kLBRbFFXYWQl/goumnMYqY=
8,16,t1xI44bJPLGDEKgQDwUztkST32E=,ZN6q8kLBRbFFXYWQl/goumnMYqY=
7,21,t1xI44bJPLGDEKgQDwUztkST32E=,ZN6q8kLBRbFFXYWQl/goumnMYqY=
8,18,t1xI44bJPLGDEKgQDwUztkST32E=,ZN6q8kLBRbFFXYWQl/goumnMYqY=
8,17,t1xI44bJPLGDEKgQDwUztkST32E=,ZN6q8kLBRbFFXYWQl/goumnMYqY=
6,16,t1xI44bJPLGDEKgQDwUztkST32E=,ZN6q8kLBRbFFXYWQl/goumnMYqY=
6,19,t1xI44bJPLGDEKgQDwUztkST32E=,ZN6q8kLBRbFFXYWQl/goumnMYqY=
5,19,t1xI44bJPLGDEKgQDwUztkST32E=,ZN6q8kLBRbFFXYWQl/goumnMYqY=
4,19,t1xI44bJPLGDEKgQDwUztkST32E=,ZN6q8kLBRbFFXYWQl/goumnMYqY=
0,22,t1xI44bJPLGDEKgQDwUztkST32E=,ZN6q8kLBRbFFXYWQl/goumnMYqY=
5,16,t1xI44bJPLGDEKgQDwUztkST32E=,ZN6q8kLBRbFFXYWQl/goumnMYqY=
4,17,t1xI44bJPLGDEKgQDwUztkST32E=,ZN6q8kLBRbFFXYWQl/goumnMYqY=
5,17,t1xI44bJPLGDEKgQDwUztkST32E=,ZN6q8kLBRbFFXYWQl/goumnMYqY=
1,16,t1xI44bJPLGDEKgQDwUztkST32E=,ZN6q8kLBRbFFXYWQl/goumnMYqY=
6,17,t1xI44bJPLGDEKgQDwUztkST32E=,ZN6q8kLBRbFFXYWQl/goumnMYqY=
20,7,mnFzJWUzjhRIb6DiyjAK/2FlyzI=,ZN6q8kLBRbFFXYWQl/goumnMYqY=
20,5,mnFzJWUzjhRIb6DiyjAK/2FlyzI=,ZN6q8kLBRbFFXYWQl/goumnMYqY=
19,5,mnFzJWUzjhRIb6DiyjAK/2FlyzI=,ZN6q8kLBRbFFXYWQl/goumnMYqY=
18,5,mnFzJWUzjhRIb6DiyjAK/2FlyzI=,ZN6q8kLBRbFFXYWQl/goumnMYqY=
17,5,mnFzJWUzjhRIb6DiyjAK/2FlyzI=,ZN6q8kLBRbFFXYWQl/goumnMYqY=
16,4,mnFzJWUzjhRIb6DiyjAK/2FlyzI=,ZN6q8kLBRbFFXYWQl/goumnMYqY=
23,3,mnFzJWUzjhRIb6DiyjAK/2FlyzI=,ZN6q8kLBRbFFXYWQl/goumnMYqY=
16,5,mnFzJWUzjhRIb6DiyjAK/2FlyzI=,ZN6q8kLBRbFFXYWQl/goumnMYqY=
23,4,mnFzJWUzjhRIb6DiyjAK/2FlyzI=,ZN6q8kLBRbFFXYWQl/goumnMYqY=
19,7,mnFzJWUzjhRIb6DiyjAK/2FlyzI=,ZN6q8kLBRbFFXYWQl/goumnMYqY=
22,4,mnFzJWUzjhRIb6DiyjAK/2FlyzI=,ZN6q8kLBRbFFXYWQl/goumnMYqY=
23,0,mnFzJWUzjhRIb6DiyjAK/2FlyzI=,ZN6q8kLBRbFFXYWQl/goumnMYqY=
22,0,mnFzJWUzjhRIb6DiyjAK/2FlyzI=,ZN6q8kLBRbFFXYWQl/goumnMYqY=
18,7,mnFzJWUzjhRIb6DiyjAK/2FlyzI=,ZN6q8kLBRbFFXYWQl/goumnMYqY=
22,3,mnFzJWUzjhRIb6DiyjAK/2FlyzI=,ZN6q8kLBRbFFXYWQl/goumnMYqY=
21,3,mnFzJWUzjhRIb6DiyjAK/2FlyzI=,ZN6q8kLBRbFFXYWQl/goumnMYqY=
21,0,mnFzJWUzjhRIb6DiyjAK/2FlyzI=,ZN6q8kLBRbFFXYWQl/goumnMYqY=
21,4,mnFzJWUzjhRIb6DiyjAK/2FlyzI=,ZN6q8kLBRbFFXYWQl/goumnMYqY=
17,7,mnFzJWUzjhRIb6DiyjAK/2FlyzI=,ZN6q8kLBRbFFXYWQl/goumnMYqY=
20,4,mnFzJWUzjhRIb6DiyjAK/2FlyzI=,ZN6q8kLBRbFFXYWQl/goumnMYqY=
16,7,mnFzJWUzjhRIb6DiyjAK/2FlyzI=,ZN6q8kLBRbFFXYWQl/goumnMYqY=
23,6,mnFzJWUzjhRIb6DiyjAK/2FlyzI=,ZN6q8kLBRbFFXYWQl/goumnMYqY=
20,0,mnFzJWUzjhRIb6DiyjAK/2FlyzI=,ZN6q8kLBRbFFXYWQl/goumnMYqY=
19,4,mnFzJWUzjhRIb6DiyjAK/2FlyzI=,ZN6q8kLBRbFFXYWQl/goumnMYqY=
23,2,mnFzJWUzjhRIb6DiyjAK/2FlyzI=,ZN6q8kLBRbFFXYWQl/goumnMYqY=
22,2,mnFzJWUzjhRIb6DiyjAK/2FlyzI=,ZN6q8kLBRbFFXYWQl/goumnMYqY=
22,6,mnFzJWUzjhRIb6DiyjAK/2FlyzI=,ZN6q8kLBRbFFXYWQl/goumnMYqY=
21,2,mnFzJWUzjhRIb6DiyjAK/2FlyzI=,ZN6q8kLBRbFFXYWQl/goumnMYqY=
20,2,mnFzJWUzjhRIb6DiyjAK/2FlyzI=,ZN6q8kLBRbFFXYWQl/goumnMYqY=
18,4,mnFzJWUzjhRIb6DiyjAK/2FlyzI=,ZN6q8kLBRbFFXYWQl/goumnMYqY=
21,6,mnFzJWUzjhRIb6DiyjAK/2FlyzI=,ZN6q8kLBRbFFXYWQl/goumnMYqY=
19,2,mnFzJWUzjhRIb6DiyjAK/2FlyzI=,ZN6q8kLBRbFFXYWQl/goumnMYqY=
17,0,mnFzJWUzjhRIb6DiyjAK/2FlyzI=,ZN6q8kLBRbFFXYWQl/goumnMYqY=
17,4,mnFzJWUzjhRIb6DiyjAK/2FlyzI=,ZN6q8kLBRbFFXYWQl/goumnMYqY=
19,0,mnFzJWUzjhRIb6DiyjAK/2FlyzI=,ZN6q8kLBRbFFXYWQl/goumnMYqY=
23,1,mnFzJWUzjhRIb6DiyjAK/2FlyzI=,ZN6q8kLBRbFFXYWQl/goumnMYqY=
22,1,mnFzJWUzjhRIb6DiyjAK/2FlyzI=,ZN6q8kLBRbFFXYWQl/goumnMYqY=
20,6,mnFzJWUzjhRIb6DiyjAK/2FlyzI=,ZN6q8kLBRbFFXYWQl/goumnMYqY=
21,1,mnFzJWUzjhRIb6DiyjAK/2FlyzI=,ZN6q8kLBRbFFXYWQl/goumnMYqY=
19,6,mnFzJWUzjhRIb6DiyjAK/2FlyzI=,ZN6q8kLBRbFFXYWQl/goumnMYqY=
20,1,mnFzJWUzjhRIb6DiyjAK/2FlyzI=,ZN6q8kLBRbFFXYWQl/goumnMYqY=
16,3,mnFzJWUzjhRIb6DiyjAK/2FlyzI=,ZN6q8kLBRbFFXYWQl/goumnMYqY=
18,6,mnFzJWUzjhRIb6DiyjAK/2FlyzI=,ZN6q8kLBRbFFXYWQl/goumnMYqY=
16,0,mnFzJWUzjhRIb6DiyjAK/2FlyzI=,ZN6q8kLBRbFFXYWQl/goumnMYqY=
20,3,mnFzJWUzjhRIb6DiyjAK/2FlyzI=,ZN6q8kLBRbFFXYWQl/goumnMYqY=
17,6,mnFzJWUzjhRIb6DiyjAK/2FlyzI=,ZN6q8kLBRbFFXYWQl/goumnMYqY=
18,2,mnFzJWUzjhRIb6DiyjAK/2FlyzI=,ZN6q8kLBRbFFXYWQl/goumnMYqY=
17,2,mnFzJWUzjhRIb6DiyjAK/2FlyzI=,ZN6q8kLBRbFFXYWQl/goumnMYqY=
16,6,mnFzJWUzjhRIb6DiyjAK/2FlyzI=,ZN6q8kLBRbFFXYWQl/goumnMYqY=
23,5,mnFzJWUzjhRIb6DiyjAK/2FlyzI=,ZN6q8kLBRbFFXYWQl/goumnMYqY=
19,1,mnFzJWUzjhRIb6DiyjAK/2FlyzI=,ZN6q8kLBRbFFXYWQl/goumnMYqY=
22,5,mnFzJWUzjhRIb6DiyjAK/2FlyzI=,ZN6q8kLBRbFFXYWQl/goumnMYqY=
18,1,mnFzJWUzjhRIb6DiyjAK/2FlyzI=,ZN6q8kLBRbFFXYWQl/goumnMYqY=
23,7,mnFzJWUzjhRIb6DiyjAK/2FlyzI=,ZN6q8kLBRbFFXYWQl/goumnMYqY=
21,5,mnFzJWUzjhRIb6DiyjAK/2FlyzI=,ZN6q8kLBRbFFXYWQl/goumnMYqY=
22,7,mnFzJWUzjhRIb6DiyjAK/2FlyzI=,ZN6q8kLBRbFFXYWQl/goumnMYqY=
21,7,mnFzJWUzjhRIb6DiyjAK/2FlyzI=,ZN6q8kLBRbFFXYWQl/goumnMYqY=
19,3,mnFzJWUzjhRIb6DiyjAK/2FlyzI=,ZN6q8kLBRbFFXYWQl/goumnMYqY=
17,1,mnFzJWUzjhRIb6DiyjAK/2FlyzI=,ZN6q8kLBRbFFXYWQl/goumnMYqY=
18,0,mnFzJWUzjhRIb6DiyjAK/2FlyzI=,ZN6q8kLBRbFFXYWQl/goumnMYqY=
16,2,mnFzJWUzjhRIb6DiyjAK/2FlyzI=,ZN6q8kLBRbFFXYWQl/goumnMYqY=
16,1,mnFzJWUzjhRIb6DiyjAK/2FlyzI=,ZN6q8kLBRbFFXYWQl/goumnMYqY=
18,3,mnFzJWUzjhRIb6DiyjAK/2FlyzI=,ZN6q8kLBRbFFXYWQl/goumnMYqY=
17,3,mnFzJWUzjhRIb6DiyjAK/2FlyzI=,ZN6q8kLBRbFFXYWQl/goumnMYqY=
