19,-8,O/eRL36Pw46+zLsiBirtfhCd61c=,izhcV6ggpVKRYn+sBWOm+oCYyqI=
20,-8,O/eRL36Pw46+zLsiBirtfhCd61c=,izhcV6ggpVKRYn+sBWOm+oCYyqI=
20,-3,O/eRL36Pw46+zLsiBirtfhCd61c=,izhcV6ggpVKRYn+sBWOm+oCYyqI=
19,-3,O/eRL36Pw46+zLsiBirtfhCd61c=,izhcV6ggpVKRYn+sBWOm+oCYyqI=
21,-8,O/eRL36Pw46+zLsiBirtfhCd61c=,izhcV6ggpVKRYn+sBWOm+oCYyqI=
22,-8,O/eRL36Pw46+zLsiBirtfhCd61c=,izhcV6ggpVKRYn+sBWOm+oCYyqI=
16,-8,O/eRL36Pw46+zLsiBirtfhCd61c=,izhcV6ggpVKRYn+sBWOm+oCYyqI=
18,-3,O/eRL36Pw46+zLsiBirtfhCd61c=,izhcV6ggpVKRYn+sBWOm+oCYyqI=
23,-8,O/eRL36Pw46+zLsiBirtfhCd61c=,izhcV6ggpVKRYn+sBWOm+oCYyqI=
21,-3,O/eRL36Pw46+zLsiBirtfhCd61c=,izhcV6ggpVKRYn+sBWOm+oCYyqI=
21,-4,O/eRL36Pw46+zLsiBirtfhCd61c=,izhcV6ggpVKRYn+sBWOm+oCYyqI=
23,-4,O/eRL36Pw46+zLsiBirtfhCd61c=,izhcV6ggpVKRYn+sBWOm+oCYyqI=
23,-5,O/eRL36Pw46+zLsiBirtfhCd61c=,izhcV6ggpVKRYn+sBWOm+oCYyqI=
23,-7,O/eRL36Pw46+zLsiBirtfhCd61c=,izhcV6ggpVKRYn+sBWOm+oCYyqI=
21,-7,O/eRL36Pw46+zLsiBirtfhCd61c=,izhcV6ggpVKRYn+sBWOm+oCYyqI=
22,-4,O/eRL36Pw46+zLsiBirtfhCd61c=,izhcV6ggpVKRYn+sBWOm+oCYyqI=
17,-7,O/eRL36Pw46+zLsiBirtfhCd61c=,izhcV6ggpVKRYn+sBWOm+oCYyqI=
22,-7,O/eRL36Pw46+zLsiBirtfhCd61c=,izhcV6ggpVKRYn+sBWOm+oCYyqI=
20,-7,O/eRL36Pw46+zLsiBirtfhCd61c=,izhcV6ggpVKRYn+sBWOm+oCYyqI=
20,-4,O/eRL36Pw46+zLsiBirtfhCd61c=,izhcV6ggpVKRYn+sBWOm+oCYyqI=
16,-7,O/eRL36Pw46+zLsiBirtfhCd61c=,izhcV6ggpVKRYn+sBWOm+oCYyqI=
21,-1,O/eRL36Pw46+zLsiBirtfhCd61c=,izhcV6ggpVKRYn+sBWOm+oCYyqI=
19,-7,O/eRL36Pw46+zLsiBirtfhCd61c=,izhcV6ggpVKRYn+sBWOm+oCYyqI=
23,-1,O/eRL36Pw46+zLsiBirtfhCd61c=,izhcV6ggpVKRYn+sBWOm+oCYyqI=
20,-1,O/eRL36Pw46+zLsiBirtfhCd61c=,izhcV6ggpVKRYn+sBWOm+oCYyqI=
22,-1,O/eRL36Pw46+zLsiBirtfhCd61c=,izhcV6ggpVKRYn+sBWOm+oCYyqI=
19,-4,O/eRL36Pw46+zLsiBirtfhCd61c=,izhcV6ggpVKRYn+sBWOm+oCYyqI=
18,-1,O/eRL36Pw46+zLsiBirtfhCd61c=,izhcV6ggpVKRYn+sBWOm+oCYyqI=
19,-1,O/eRL36Pw46+zLsiBirtfhCd61c=,izhcV6ggpVKRYn+sBWOm+oCYyqI=
23,-2,O/eRL36Pw46+zLsiBirtfhCd61c=,izhcV6ggpVKRYn+sBWOm+oCYyqI=
22,-2,O/eRL36Pw46+zLsiBirtfhCd61c=,izhcV6ggpVKRYn+sBWOm+oCYyqI=
18,-7,O/eRL36Pw46+zLsiBirtfhCd61c=,izhcV6ggpVKRYn+sBWOm+oCYyqI=
20,-2,O/eRL36Pw46+zLsiBirtfhCd61c=,izhcV6ggpVKRYn+sBWOm+oCYyqI=
21,-2,O/eRL36Pw46+zLsiBirtfhCd61c=,izhcV6ggpVKRYn+sBWOm+oCYyqI=
18,-2,O/eRL36Pw46+zLsiBirtfhCd61c=,izhcV6ggpVKRYn+sBWOm+oCYyqI=
23,-6,O/eRL36Pw46+zLsiBirtfhCd61c=,izhcV6ggpVKRYn+sBWOm+oCYyqI=
19,-2,O/eRL36Pw46+zLsiBirtfhCd61c=,izhcV6ggpVKRYn+sBWOm+oCYyqI=
18,-8,O/eRL36Pw46+zLsiBirtfhCd61c=,izhcV6ggpVKRYn+sBWOm+oCYyqI=
21,-6,O/eRL36Pw46+zLsiBirtfhCd61c=,izhcV6ggpVKRYn+sBWOm+oCYyqI=
22,-6,O/eRL36Pw46+zLsiBirtfhCd61c=,izhcV6ggpVKRYn+sBWOm+oCYyqI=
20,-6,O/eRL36Pw46+zLsiBirtfhCd61c=,izhcV6ggpVKRYn+sBWOm+oCYyqI=
19,-6,O/eRL36Pw46+zLsiBirtfhCd61c=,izhcV6ggpVKRYn+sBWOm+oCYyqI=
18,-6,O/eRL36Pw46+zLsiBirtfhCd61c=,izhcV6ggpVKRYn+sBWOm+oCYyqI=
17,-6,O/eRL36Pw46+zLsiBirtfhCd61c=,izhcV6ggpVKRYn+sBWOm+oCYyqI=
18,-4,O/eRL36Pw46+zLsiBirtfhCd61c=,izhcV6ggpVKRYn+sBWOm+oCYyqI=
16,-6,O/eRL36Pw46+zLsiBirtfhCd61c=,izhcV6ggpVKRYn+sBWOm+oCYyqI=
22,-5,O/eRL36Pw46+zLsiBirtfhCd61c=,izhcV6ggpVKRYn+sBWOm+oCYyqI=
21,-5,O/eRL36Pw46+zLsiBirtfhCd61c=,izhcV6ggpVKRYn+sBWOm+oCYyqI=
20,-5,O/eRL36Pw46+zLsiBirtfhCd61c=,izhcV6ggpVKRYn+sBWOm+oCYyqI=
19,-5,O/eRL36Pw46+zLsiBirtfhCd61c=,izhcV6ggpVKRYn+sBWOm+oCYyqI=
18,-5,O/eRL36Pw46+zLsiBirtfhCd61c=,izhcV6ggpVKRYn+sBWOm+oCYyqI=
17,-5,O/eRL36Pw46+zLsiBirtfhCd61c=,izhcV6ggpVKRYn+sBWOm+oCYyqI=
23,-3,O/eRL36Pw46+zLsiBirtfhCd61c=,izhcV6ggpVKRYn+sBWOm+oCYyqI=
17,-4,O/eRL36Pw46+zLsiBirtfhCd61c=,izhcV6ggpVKRYn+sBWOm+oCYyqI=
16,-5,O/eRL36Pw46+zLsiBirtfhCd61c=,izhcV6ggpVKRYn+sBWOm+oCYyqI=
17,-8,O/eRL36Pw46+zLsiBirtfhCd61c=,izhcV6ggpVKRYn+sBWOm+oCYyqI=
22,-3,O/eRL36Pw46+zLsiBirtfhCd61c=,izhcV6ggpVKRYn+sBWOm+oCYyqI=
16,-4,O/eRL36Pw46+zLsiBirtfhCd61c=,izhcV6ggpVKRYn+sBWOm+oCYyqI=
16,-1,O/eRL36Pw46+zLsiBirtfhCd61c=,izhcV6ggpVKRYn+sBWOm+oCYyqI=
16,-3,O/eRL36Pw46+zLsiBirtfhCd61c=,izhcV6ggpVKRYn+sBWOm+oCYyqI=
17,-1,O/eRL36Pw46+zLsiBirtfhCd61c=,izhcV6ggpVKRYn+sBWOm+oCYyqI=
16,-2,O/eRL36Pw46+zLsiBirtfhCd61c=,izhcV6ggpVKRYn+sBWOm+oCYyqI=
17,-2,O/eRL36Pw46+zLsiBirtfhCd61c=,izhcV6ggpVKRYn+sBWOm+oCYyqI=
17,-3,O/eRL36Pw46+zLsiBirtfhCd61c=,izhcV6ggpVKRYn+sBWOm+oCYyqI=
12,-11,HxjenYJX1t3b6V/6n0gCfs3451Y=,b7Bb75SysUX/GZQfjI5Iu7xFjzk=
13,-11,HxjenYJX1t3b6V/6n0gCfs3451Y=,b7Bb75SysUX/GZQfjI5Iu7xFjzk=
11,-11,HxjenYJX1t3b6V/6n0gCfs3451Y=,b7Bb75SysUX/GZQfjI5Iu7xFjzk=
9,-15,HxjenYJX1t3b6V/6n0gCfs3451Y=,b7Bb75SysUX/GZQfjI5Iu7xFjzk=
10,-15,HxjenYJX1t3b6V/6n0gCfs3451Y=,b7Bb75SysUX/GZQfjI5Iu7xFjzk=
11,-15,HxjenYJX1t3b6V/6n0gCfs3451Y=,b7Bb75SysUX/GZQfjI5Iu7xFjzk=
12,-15,HxjenYJX1t3b6V/6n0gCfs3451Y=,b7Bb75SysUX/GZQfjI5Iu7xFjzk=
13,-15,HxjenYJX1t3b6V/6n0gCfs3451Y=,b7Bb75SysUX/GZQfjI5Iu7xFjzk=
14,-15,HxjenYJX1t3b6V/6n0gCfs3451Y=,b7Bb75SysUX/GZQfjI5Iu7xFjzk=
10,-11,HxjenYJX1t3b6V/6n0gCfs3451Y=,b7Bb75SysUX/GZQfjI5Iu7xFjzk=
14,-12,HxjenYJX1t3b6V/6n0gCfs3451Y=,b7Bb75SysUX/GZQfjI5Iu7xFjzk=
13,-12,HxjenYJX1t3b6V/6n0gCfs3451Y=,b7Bb75SysUX/GZQfjI5Iu7xFjzk=
12,-12,HxjenYJX1t3b6V/6n0gCfs3451Y=,b7Bb75SysUX/GZQfjI5Iu7xFjzk=
11,-12,HxjenYJX1t3b6V/6n0gCfs3451Y=,b7Bb75SysUX/GZQfjI5Iu7xFjzk=
10,-12,HxjenYJX1t3b6V/6n0gCfs3451Y=,b7Bb75SysUX/GZQfjI5Iu7xFjzk=
9,-11,HxjenYJX1t3b6V/6n0gCfs3451Y=,b7Bb75SysUX/GZQfjI5Iu7xFjzk=
9,-12,HxjenYJX1t3b6V/6n0gCfs3451Y=,b7Bb75SysUX/GZQfjI5Iu7xFjzk=
14,-11,HxjenYJX1t3b6V/6n0gCfs3451Y=,b7Bb75SysUX/GZQfjI5Iu7xFjzk=
9,-14,HxjenYJX1t3b6V/6n0gCfs3451Y=,b7Bb75SysUX/GZQfjI5Iu7xFjzk=
9,-10,HxjenYJX1t3b6V/6n0gCfs3451Y=,b7Bb75SysUX/GZQfjI5Iu7xFjzk=
10,-10,HxjenYJX1t3b6V/6n0gCfs3451Y=,b7Bb75SysUX/GZQfjI5Iu7xFjzk=
11,-10,HxjenYJX1t3b6V/6n0gCfs3451Y=,b7Bb75SysUX/GZQfjI5Iu7xFjzk=
10,-14,HxjenYJX1t3b6V/6n0gCfs3451Y=,b7Bb75SysUX/GZQfjI5Iu7xFjzk=
12,-10,HxjenYJX1t3b6V/6n0gCfs3451Y=,b7Bb75SysUX/GZQfjI5Iu7xFjzk=
13,-10,HxjenYJX1t3b6V/6n0gCfs3451Y=,b7Bb75SysUX/GZQfjI5Iu7xFjzk=
11,-14,HxjenYJX1t3b6V/6n0gCfs3451Y=,b7Bb75SysUX/GZQfjI5Iu7xFjzk=
14,-10,HxjenYJX1t3b6V/6n0gCfs3451Y=,b7Bb75SysUX/GZQfjI5Iu7xFjzk=
12,-14,HxjenYJX1t3b6V/6n0gCfs3451Y=,b7Bb75SysUX/GZQfjI5Iu7xFjzk=
13,-14,HxjenYJX1t3b6V/6n0gCfs3451Y=,b7Bb75SysUX/GZQfjI5Iu7xFjzk=
14,-14,HxjenYJX1t3b6V/6n0gCfs3451Y=,b7Bb75SysUX/GZQfjI5Iu7xFjzk=
9,-13,HxjenYJX1t3b6V/6n0gCfs3451Y=,b7Bb75SysUX/GZQfjI5Iu7xFjzk=
10,-13,HxjenYJX1t3b6V/6n0gCfs3451Y=,b7Bb75SysUX/GZQfjI5Iu7xFjzk=
11,-13,HxjenYJX1t3b6V/6n0gCfs3451Y=,b7Bb75SysUX/GZQfjI5Iu7xFjzk=
12,-13,HxjenYJX1t3b6V/6n0gCfs3451Y=,b7Bb75SysUX/GZQfjI5Iu7xFjzk=
13,-13,HxjenYJX1t3b6V/6n0gCfs3451Y=,b7Bb75SysUX/GZQfjI5Iu7xFjzk=
14,-13,HxjenYJX1t3b6V/6n0gCfs3451Y=,b7Bb75SysUX/GZQfjI5Iu7xFjzk=
4,-13,HxjenYJX1t3b6V/6n0gCfs3451Y=,Z0HrumuxfOOoFj3tW6tCGFtSYJo=
5,-13,HxjenYJX1t3b6V/6n0gCfs3451Y=,Z0HrumuxfOOoFj3tW6tCGFtSYJo=
3,-13,HxjenYJX1t3b6V/6n0gCfs3451Y=,Z0HrumuxfOOoFj3tW6tCGFtSYJo=
6,-13,HxjenYJX1t3b6V/6n0gCfs3451Y=,Z0HrumuxfOOoFj3tW6tCGFtSYJo=
7,-13,HxjenYJX1t3b6V/6n0gCfs3451Y=,Z0HrumuxfOOoFj3tW6tCGFtSYJo=
1,-12,HxjenYJX1t3b6V/6n0gCfs3451Y=,Z0HrumuxfOOoFj3tW6tCGFtSYJo=
2,-12,HxjenYJX1t3b6V/6n0gCfs3451Y=,Z0HrumuxfOOoFj3tW6tCGFtSYJo=
3,-12,HxjenYJX1t3b6V/6n0gCfs3451Y=,Z0HrumuxfOOoFj3tW6tCGFtSYJo=
8,-15,HxjenYJX1t3b6V/6n0gCfs3451Y=,b7Bb75SysUX/GZQfjI5Iu7xFjzk=
4,-12,HxjenYJX1t3b6V/6n0gCfs3451Y=,Z0HrumuxfOOoFj3tW6tCGFtSYJo=
5,-12,HxjenYJX1t3b6V/6n0gCfs3451Y=,Z0HrumuxfOOoFj3tW6tCGFtSYJo=
2,-13,HxjenYJX1t3b6V/6n0gCfs3451Y=,Z0HrumuxfOOoFj3tW6tCGFtSYJo=
1,-13,HxjenYJX1t3b6V/6n0gCfs3451Y=,Z0HrumuxfOOoFj3tW6tCGFtSYJo=
6,-12,HxjenYJX1t3b6V/6n0gCfs3451Y=,Z0HrumuxfOOoFj3tW6tCGFtSYJo=
8,-11,HxjenYJX1t3b6V/6n0gCfs3451Y=,b7Bb75SysUX/GZQfjI5Iu7xFjzk=
7,-14,HxjenYJX1t3b6V/6n0gCfs3451Y=,Z0HrumuxfOOoFj3tW6tCGFtSYJo=
6,-14,HxjenYJX1t3b6V/6n0gCfs3451Y=,Z0HrumuxfOOoFj3tW6tCGFtSYJo=
5,-14,HxjenYJX1t3b6V/6n0gCfs3451Y=,Z0HrumuxfOOoFj3tW6tCGFtSYJo=
4,-14,HxjenYJX1t3b6V/6n0gCfs3451Y=,Z0HrumuxfOOoFj3tW6tCGFtSYJo=
3,-14,HxjenYJX1t3b6V/6n0gCfs3451Y=,Z0HrumuxfOOoFj3tW6tCGFtSYJo=
2,-14,HxjenYJX1t3b6V/6n0gCfs3451Y=,Z0HrumuxfOOoFj3tW6tCGFtSYJo=
7,-12,HxjenYJX1t3b6V/6n0gCfs3451Y=,Z0HrumuxfOOoFj3tW6tCGFtSYJo=
8,-14,HxjenYJX1t3b6V/6n0gCfs3451Y=,b7Bb75SysUX/GZQfjI5Iu7xFjzk=
8,-12,HxjenYJX1t3b6V/6n0gCfs3451Y=,b7Bb75SysUX/GZQfjI5Iu7xFjzk=
1,-14,HxjenYJX1t3b6V/6n0gCfs3451Y=,Z0HrumuxfOOoFj3tW6tCGFtSYJo=
7,-15,HxjenYJX1t3b6V/6n0gCfs3451Y=,Z0HrumuxfOOoFj3tW6tCGFtSYJo=
6,-15,HxjenYJX1t3b6V/6n0gCfs3451Y=,Z0HrumuxfOOoFj3tW6tCGFtSYJo=
5,-15,HxjenYJX1t3b6V/6n0gCfs3451Y=,Z0HrumuxfOOoFj3tW6tCGFtSYJo=
4,-15,HxjenYJX1t3b6V/6n0gCfs3451Y=,Z0HrumuxfOOoFj3tW6tCGFtSYJo=
3,-15,HxjenYJX1t3b6V/6n0gCfs3451Y=,Z0HrumuxfOOoFj3tW6tCGFtSYJo=
2,-15,HxjenYJX1t3b6V/6n0gCfs3451Y=,Z0HrumuxfOOoFj3tW6tCGFtSYJo=
1,-15,HxjenYJX1t3b6V/6n0gCfs3451Y=,Z0HrumuxfOOoFj3tW6tCGFtSYJo=
8,-10,HxjenYJX1t3b6V/6n0gCfs3451Y=,b7Bb75SysUX/GZQfjI5Iu7xFjzk=
1,-11,HxjenYJX1t3b6V/6n0gCfs3451Y=,Z0HrumuxfOOoFj3tW6tCGFtSYJo=
2,-11,HxjenYJX1t3b6V/6n0gCfs3451Y=,Z0HrumuxfOOoFj3tW6tCGFtSYJo=
3,-11,HxjenYJX1t3b6V/6n0gCfs3451Y=,Z0HrumuxfOOoFj3tW6tCGFtSYJo=
4,-11,HxjenYJX1t3b6V/6n0gCfs3451Y=,Z0HrumuxfOOoFj3tW6tCGFtSYJo=
7,-10,HxjenYJX1t3b6V/6n0gCfs3451Y=,Z0HrumuxfOOoFj3tW6tCGFtSYJo=
5,-11,HxjenYJX1t3b6V/6n0gCfs3451Y=,Z0HrumuxfOOoFj3tW6tCGFtSYJo=
6,-10,HxjenYJX1t3b6V/6n0gCfs3451Y=,Z0HrumuxfOOoFj3tW6tCGFtSYJo=
6,-11,HxjenYJX1t3b6V/6n0gCfs3451Y=,Z0HrumuxfOOoFj3tW6tCGFtSYJo=
3,-10,HxjenYJX1t3b6V/6n0gCfs3451Y=,Z0HrumuxfOOoFj3tW6tCGFtSYJo=
2,-10,HxjenYJX1t3b6V/6n0gCfs3451Y=,Z0HrumuxfOOoFj3tW6tCGFtSYJo=
8,-13,HxjenYJX1t3b6V/6n0gCfs3451Y=,b7Bb75SysUX/GZQfjI5Iu7xFjzk=
1,-10,HxjenYJX1t3b6V/6n0gCfs3451Y=,Z0HrumuxfOOoFj3tW6tCGFtSYJo=
5,-10,HxjenYJX1t3b6V/6n0gCfs3451Y=,Z0HrumuxfOOoFj3tW6tCGFtSYJo=
4,-10,HxjenYJX1t3b6V/6n0gCfs3451Y=,Z0HrumuxfOOoFj3tW6tCGFtSYJo=
7,-11,HxjenYJX1t3b6V/6n0gCfs3451Y=,Z0HrumuxfOOoFj3tW6tCGFtSYJo=
15,-15,HxjenYJX1t3b6V/6n0gCfs3451Y=,b7Bb75SysUX/GZQfjI5Iu7xFjzk=
15,-11,HxjenYJX1t3b6V/6n0gCfs3451Y=,b7Bb75SysUX/GZQfjI5Iu7xFjzk=
15,-10,HxjenYJX1t3b6V/6n0gCfs3451Y=,b7Bb75SysUX/GZQfjI5Iu7xFjzk=
15,-14,HxjenYJX1t3b6V/6n0gCfs3451Y=,b7Bb75SysUX/GZQfjI5Iu7xFjzk=
15,-13,HxjenYJX1t3b6V/6n0gCfs3451Y=,b7Bb75SysUX/GZQfjI5Iu7xFjzk=
15,-12,HxjenYJX1t3b6V/6n0gCfs3451Y=,b7Bb75SysUX/GZQfjI5Iu7xFjzk=
1,-16,HxjenYJX1t3b6V/6n0gCfs3451Y=,Z0HrumuxfOOoFj3tW6tCGFtSYJo=
2,-16,HxjenYJX1t3b6V/6n0gCfs3451Y=,Z0HrumuxfOOoFj3tW6tCGFtSYJo=
3,-16,HxjenYJX1t3b6V/6n0gCfs3451Y=,Z0HrumuxfOOoFj3tW6tCGFtSYJo=
4,-16,HxjenYJX1t3b6V/6n0gCfs3451Y=,Z0HrumuxfOOoFj3tW6tCGFtSYJo=
5,-16,HxjenYJX1t3b6V/6n0gCfs3451Y=,Z0HrumuxfOOoFj3tW6tCGFtSYJo=
6,-16,HxjenYJX1t3b6V/6n0gCfs3451Y=,Z0HrumuxfOOoFj3tW6tCGFtSYJo=
8,-16,HxjenYJX1t3b6V/6n0gCfs3451Y=,b7Bb75SysUX/GZQfjI5Iu7xFjzk=
9,-16,HxjenYJX1t3b6V/6n0gCfs3451Y=,b7Bb75SysUX/GZQfjI5Iu7xFjzk=
10,-16,HxjenYJX1t3b6V/6n0gCfs3451Y=,b7Bb75SysUX/GZQfjI5Iu7xFjzk=
11,-16,HxjenYJX1t3b6V/6n0gCfs3451Y=,b7Bb75SysUX/GZQfjI5Iu7xFjzk=
12,-16,HxjenYJX1t3b6V/6n0gCfs3451Y=,b7Bb75SysUX/GZQfjI5Iu7xFjzk=
13,-16,HxjenYJX1t3b6V/6n0gCfs3451Y=,b7Bb75SysUX/GZQfjI5Iu7xFjzk=
14,-16,HxjenYJX1t3b6V/6n0gCfs3451Y=,b7Bb75SysUX/GZQfjI5Iu7xFjzk=
7,-16,HxjenYJX1t3b6V/6n0gCfs3451Y=,Z0HrumuxfOOoFj3tW6tCGFtSYJo=
15,-16,HxjenYJX1t3b6V/6n0gCfs3451Y=,b7Bb75SysUX/GZQfjI5Iu7xFjzk=
0,-12,HxjenYJX1t3b6V/6n0gCfs3451Y=,Z0HrumuxfOOoFj3tW6tCGFtSYJo=
0,-11,HxjenYJX1t3b6V/6n0gCfs3451Y=,Z0HrumuxfOOoFj3tW6tCGFtSYJo=
0,-10,HxjenYJX1t3b6V/6n0gCfs3451Y=,Z0HrumuxfOOoFj3tW6tCGFtSYJo=
0,-16,HxjenYJX1t3b6V/6n0gCfs3451Y=,Z0HrumuxfOOoFj3tW6tCGFtSYJo=
0,-15,HxjenYJX1t3b6V/6n0gCfs3451Y=,Z0HrumuxfOOoFj3tW6tCGFtSYJo=
0,-14,HxjenYJX1t3b6V/6n0gCfs3451Y=,Z0HrumuxfOOoFj3tW6tCGFtSYJo=
0,-13,HxjenYJX1t3b6V/6n0gCfs3451Y=,Z0HrumuxfOOoFj3tW6tCGFtSYJo=
15,-4,n1MinNgsD7UUCexCJthJbkd9IP8=,vM3j8Wj2FPNz0IDjtSus3S96nek=
9,-3,n1MinNgsD7UUCexCJthJbkd9IP8=,vM3j8Wj2FPNz0IDjtSus3S96nek=
12,-1,n1MinNgsD7UUCexCJthJbkd9IP8=,vM3j8Wj2FPNz0IDjtSus3S96nek=
13,-1,n1MinNgsD7UUCexCJthJbkd9IP8=,vM3j8Wj2FPNz0IDjtSus3S96nek=
14,-1,n1MinNgsD7UUCexCJthJbkd9IP8=,vM3j8Wj2FPNz0IDjtSus3S96nek=
15,-1,n1MinNgsD7UUCexCJthJbkd9IP8=,vM3j8Wj2FPNz0IDjtSus3S96nek=
9,-5,n1MinNgsD7UUCexCJthJbkd9IP8=,vM3j8Wj2FPNz0IDjtSus3S96nek=
11,-1,n1MinNgsD7UUCexCJthJbkd9IP8=,vM3j8Wj2FPNz0IDjtSus3S96nek=
12,-3,n1MinNgsD7UUCexCJthJbkd9IP8=,vM3j8Wj2FPNz0IDjtSus3S96nek=
9,-8,n1MinNgsD7UUCexCJthJbkd9IP8=,vM3j8Wj2FPNz0IDjtSus3S96nek=
13,-3,n1MinNgsD7UUCexCJthJbkd9IP8=,vM3j8Wj2FPNz0IDjtSus3S96nek=
10,-8,n1MinNgsD7UUCexCJthJbkd9IP8=,vM3j8Wj2FPNz0IDjtSus3S96nek=
14,-3,n1MinNgsD7UUCexCJthJbkd9IP8=,vM3j8Wj2FPNz0IDjtSus3S96nek=
13,-8,n1MinNgsD7UUCexCJthJbkd9IP8=,vM3j8Wj2FPNz0IDjtSus3S96nek=
15,-3,n1MinNgsD7UUCexCJthJbkd9IP8=,vM3j8Wj2FPNz0IDjtSus3S96nek=
9,-2,n1MinNgsD7UUCexCJthJbkd9IP8=,vM3j8Wj2FPNz0IDjtSus3S96nek=
14,-8,n1MinNgsD7UUCexCJthJbkd9IP8=,vM3j8Wj2FPNz0IDjtSus3S96nek=
10,-2,n1MinNgsD7UUCexCJthJbkd9IP8=,vM3j8Wj2FPNz0IDjtSus3S96nek=
15,-8,n1MinNgsD7UUCexCJthJbkd9IP8=,vM3j8Wj2FPNz0IDjtSus3S96nek=
9,-7,n1MinNgsD7UUCexCJthJbkd9IP8=,vM3j8Wj2FPNz0IDjtSus3S96nek=
10,-7,n1MinNgsD7UUCexCJthJbkd9IP8=,vM3j8Wj2FPNz0IDjtSus3S96nek=
11,-8,n1MinNgsD7UUCexCJthJbkd9IP8=,vM3j8Wj2FPNz0IDjtSus3S96nek=
9,-4,n1MinNgsD7UUCexCJthJbkd9IP8=,vM3j8Wj2FPNz0IDjtSus3S96nek=
11,-2,n1MinNgsD7UUCexCJthJbkd9IP8=,vM3j8Wj2FPNz0IDjtSus3S96nek=
12,-2,n1MinNgsD7UUCexCJthJbkd9IP8=,vM3j8Wj2FPNz0IDjtSus3S96nek=
13,-2,n1MinNgsD7UUCexCJthJbkd9IP8=,vM3j8Wj2FPNz0IDjtSus3S96nek=
10,-4,n1MinNgsD7UUCexCJthJbkd9IP8=,vM3j8Wj2FPNz0IDjtSus3S96nek=
14,-2,n1MinNgsD7UUCexCJthJbkd9IP8=,vM3j8Wj2FPNz0IDjtSus3S96nek=
10,-5,n1MinNgsD7UUCexCJthJbkd9IP8=,vM3j8Wj2FPNz0IDjtSus3S96nek=
11,-4,n1MinNgsD7UUCexCJthJbkd9IP8=,vM3j8Wj2FPNz0IDjtSus3S96nek=
11,-7,n1MinNgsD7UUCexCJthJbkd9IP8=,vM3j8Wj2FPNz0IDjtSus3S96nek=
15,-2,n1MinNgsD7UUCexCJthJbkd9IP8=,vM3j8Wj2FPNz0IDjtSus3S96nek=
12,-7,n1MinNgsD7UUCexCJthJbkd9IP8=,vM3j8Wj2FPNz0IDjtSus3S96nek=
9,-9,n1MinNgsD7UUCexCJthJbkd9IP8=,b7Bb75SysUX/GZQfjI5Iu7xFjzk=
11,-9,n1MinNgsD7UUCexCJthJbkd9IP8=,b7Bb75SysUX/GZQfjI5Iu7xFjzk=
10,-9,n1MinNgsD7UUCexCJthJbkd9IP8=,b7Bb75SysUX/GZQfjI5Iu7xFjzk=
13,-7,n1MinNgsD7UUCexCJthJbkd9IP8=,vM3j8Wj2FPNz0IDjtSus3S96nek=
12,-9,n1MinNgsD7UUCexCJthJbkd9IP8=,b7Bb75SysUX/GZQfjI5Iu7xFjzk=
13,-9,dmiLc+yRUoJUdPRx7DuDLVqI7Qs=,b7Bb75SysUX/GZQfjI5Iu7xFjzk=
11,-5,dmiLc+yRUoJUdPRx7DuDLVqI7Qs=,vM3j8Wj2FPNz0IDjtSus3S96nek=
14,-9,dmiLc+yRUoJUdPRx7DuDLVqI7Qs=,b7Bb75SysUX/GZQfjI5Iu7xFjzk=
12,-5,dmiLc+yRUoJUdPRx7DuDLVqI7Qs=,vM3j8Wj2FPNz0IDjtSus3S96nek=
15,-9,dmiLc+yRUoJUdPRx7DuDLVqI7Qs=,b7Bb75SysUX/GZQfjI5Iu7xFjzk=
13,-5,dmiLc+yRUoJUdPRx7DuDLVqI7Qs=,vM3j8Wj2FPNz0IDjtSus3S96nek=
12,-4,dmiLc+yRUoJUdPRx7DuDLVqI7Qs=,vM3j8Wj2FPNz0IDjtSus3S96nek=
9,-1,dmiLc+yRUoJUdPRx7DuDLVqI7Qs=,vM3j8Wj2FPNz0IDjtSus3S96nek=
9,-6,dmiLc+yRUoJUdPRx7DuDLVqI7Qs=,vM3j8Wj2FPNz0IDjtSus3S96nek=
12,-8,dmiLc+yRUoJUdPRx7DuDLVqI7Qs=,vM3j8Wj2FPNz0IDjtSus3S96nek=
10,-6,dmiLc+yRUoJUdPRx7DuDLVqI7Qs=,vM3j8Wj2FPNz0IDjtSus3S96nek=
11,-6,dmiLc+yRUoJUdPRx7DuDLVqI7Qs=,vM3j8Wj2FPNz0IDjtSus3S96nek=
14,-7,dmiLc+yRUoJUdPRx7DuDLVqI7Qs=,vM3j8Wj2FPNz0IDjtSus3S96nek=
14,-5,dmiLc+yRUoJUdPRx7DuDLVqI7Qs=,vM3j8Wj2FPNz0IDjtSus3S96nek=
12,-6,dmiLc+yRUoJUdPRx7DuDLVqI7Qs=,vM3j8Wj2FPNz0IDjtSus3S96nek=
13,-6,dmiLc+yRUoJUdPRx7DuDLVqI7Qs=,vM3j8Wj2FPNz0IDjtSus3S96nek=
15,-5,dmiLc+yRUoJUdPRx7DuDLVqI7Qs=,vM3j8Wj2FPNz0IDjtSus3S96nek=
14,-6,dmiLc+yRUoJUdPRx7DuDLVqI7Qs=,vM3j8Wj2FPNz0IDjtSus3S96nek=
15,-7,dmiLc+yRUoJUdPRx7DuDLVqI7Qs=,vM3j8Wj2FPNz0IDjtSus3S96nek=
13,-4,dmiLc+yRUoJUdPRx7DuDLVqI7Qs=,vM3j8Wj2FPNz0IDjtSus3S96nek=
15,-6,dmiLc+yRUoJUdPRx7DuDLVqI7Qs=,vM3j8Wj2FPNz0IDjtSus3S96nek=
10,-1,dmiLc+yRUoJUdPRx7DuDLVqI7Qs=,vM3j8Wj2FPNz0IDjtSus3S96nek=
10,-3,dmiLc+yRUoJUdPRx7DuDLVqI7Qs=,vM3j8Wj2FPNz0IDjtSus3S96nek=
11,-3,dmiLc+yRUoJUdPRx7DuDLVqI7Qs=,vM3j8Wj2FPNz0IDjtSus3S96nek=
14,-4,dmiLc+yRUoJUdPRx7DuDLVqI7Qs=,vM3j8Wj2FPNz0IDjtSus3S96nek=
8,-3,dmiLc+yRUoJUdPRx7DuDLVqI7Qs=,vM3j8Wj2FPNz0IDjtSus3S96nek=
4,-5,dmiLc+yRUoJUdPRx7DuDLVqI7Qs=,q7iHFLdrDJqzbLVj6BdVkajq1OU=
5,-5,dmiLc+yRUoJUdPRx7DuDLVqI7Qs=,q7iHFLdrDJqzbLVj6BdVkajq1OU=
8,-8,dmiLc+yRUoJUdPRx7DuDLVqI7Qs=,vM3j8Wj2FPNz0IDjtSus3S96nek=
6,-5,dmiLc+yRUoJUdPRx7DuDLVqI7Qs=,q7iHFLdrDJqzbLVj6BdVkajq1OU=
7,-5,dmiLc+yRUoJUdPRx7DuDLVqI7Qs=,q7iHFLdrDJqzbLVj6BdVkajq1OU=
8,-7,dmiLc+yRUoJUdPRx7DuDLVqI7Qs=,vM3j8Wj2FPNz0IDjtSus3S96nek=
8,-2,dmiLc+yRUoJUdPRx7DuDLVqI7Qs=,vM3j8Wj2FPNz0IDjtSus3S96nek=
1,-4,dmiLc+yRUoJUdPRx7DuDLVqI7Qs=,q7iHFLdrDJqzbLVj6BdVkajq1OU=
2,-4,dmiLc+yRUoJUdPRx7DuDLVqI7Qs=,q7iHFLdrDJqzbLVj6BdVkajq1OU=
0,-4,dmiLc+yRUoJUdPRx7DuDLVqI7Qs=,q7iHFLdrDJqzbLVj6BdVkajq1OU=
3,-4,dmiLc+yRUoJUdPRx7DuDLVqI7Qs=,q7iHFLdrDJqzbLVj6BdVkajq1OU=
4,-4,dmiLc+yRUoJUdPRx7DuDLVqI7Qs=,q7iHFLdrDJqzbLVj6BdVkajq1OU=
5,-4,dmiLc+yRUoJUdPRx7DuDLVqI7Qs=,q7iHFLdrDJqzbLVj6BdVkajq1OU=
6,-4,dmiLc+yRUoJUdPRx7DuDLVqI7Qs=,q7iHFLdrDJqzbLVj6BdVkajq1OU=
7,-4,dmiLc+yRUoJUdPRx7DuDLVqI7Qs=,q7iHFLdrDJqzbLVj6BdVkajq1OU=
8,-9,dmiLc+yRUoJUdPRx7DuDLVqI7Qs=,b7Bb75SysUX/GZQfjI5Iu7xFjzk=
0,-3,dmiLc+yRUoJUdPRx7DuDLVqI7Qs=,q7iHFLdrDJqzbLVj6BdVkajq1OU=
8,-1,dmiLc+yRUoJUdPRx7DuDLVqI7Qs=,vM3j8Wj2FPNz0IDjtSus3S96nek=
1,-3,dmiLc+yRUoJUdPRx7DuDLVqI7Qs=,q7iHFLdrDJqzbLVj6BdVkajq1OU=
2,-3,dmiLc+yRUoJUdPRx7DuDLVqI7Qs=,q7iHFLdrDJqzbLVj6BdVkajq1OU=
3,-3,dmiLc+yRUoJUdPRx7DuDLVqI7Qs=,q7iHFLdrDJqzbLVj6BdVkajq1OU=
4,-3,dmiLc+yRUoJUdPRx7DuDLVqI7Qs=,q7iHFLdrDJqzbLVj6BdVkajq1OU=
5,-3,dmiLc+yRUoJUdPRx7DuDLVqI7Qs=,q7iHFLdrDJqzbLVj6BdVkajq1OU=
6,-3,dmiLc+yRUoJUdPRx7DuDLVqI7Qs=,q7iHFLdrDJqzbLVj6BdVkajq1OU=
7,-3,dmiLc+yRUoJUdPRx7DuDLVqI7Qs=,q7iHFLdrDJqzbLVj6BdVkajq1OU=
0,-2,dmiLc+yRUoJUdPRx7DuDLVqI7Qs=,q7iHFLdrDJqzbLVj6BdVkajq1OU=
1,-2,dmiLc+yRUoJUdPRx7DuDLVqI7Qs=,q7iHFLdrDJqzbLVj6BdVkajq1OU=
2,-2,dmiLc+yRUoJUdPRx7DuDLVqI7Qs=,q7iHFLdrDJqzbLVj6BdVkajq1OU=
3,-2,dmiLc+yRUoJUdPRx7DuDLVqI7Qs=,q7iHFLdrDJqzbLVj6BdVkajq1OU=
4,-2,dmiLc+yRUoJUdPRx7DuDLVqI7Qs=,q7iHFLdrDJqzbLVj6BdVkajq1OU=
7,-1,dmiLc+yRUoJUdPRx7DuDLVqI7Qs=,q7iHFLdrDJqzbLVj6BdVkajq1OU=
5,-2,dmiLc+yRUoJUdPRx7DuDLVqI7Qs=,q7iHFLdrDJqzbLVj6BdVkajq1OU=
6,-2,dmiLc+yRUoJUdPRx7DuDLVqI7Qs=,q7iHFLdrDJqzbLVj6BdVkajq1OU=
0,-9,dmiLc+yRUoJUdPRx7DuDLVqI7Qs=,Z0HrumuxfOOoFj3tW6tCGFtSYJo=
0,-1,dmiLc+yRUoJUdPRx7DuDLVqI7Qs=,q7iHFLdrDJqzbLVj6BdVkajq1OU=
0,-8,dmiLc+yRUoJUdPRx7DuDLVqI7Qs=,q7iHFLdrDJqzbLVj6BdVkajq1OU=
7,-2,dmiLc+yRUoJUdPRx7DuDLVqI7Qs=,q7iHFLdrDJqzbLVj6BdVkajq1OU=
8,-5,dmiLc+yRUoJUdPRx7DuDLVqI7Qs=,vM3j8Wj2FPNz0IDjtSus3S96nek=
3,-5,dmiLc+yRUoJUdPRx7DuDLVqI7Qs=,q7iHFLdrDJqzbLVj6BdVkajq1OU=
2,-8,dmiLc+yRUoJUdPRx7DuDLVqI7Qs=,q7iHFLdrDJqzbLVj6BdVkajq1OU=
1,-8,dmiLc+yRUoJUdPRx7DuDLVqI7Qs=,q7iHFLdrDJqzbLVj6BdVkajq1OU=
3,-8,dmiLc+yRUoJUdPRx7DuDLVqI7Qs=,q7iHFLdrDJqzbLVj6BdVkajq1OU=
4,-8,dmiLc+yRUoJUdPRx7DuDLVqI7Qs=,q7iHFLdrDJqzbLVj6BdVkajq1OU=
5,-8,dmiLc+yRUoJUdPRx7DuDLVqI7Qs=,q7iHFLdrDJqzbLVj6BdVkajq1OU=
6,-8,dmiLc+yRUoJUdPRx7DuDLVqI7Qs=,q7iHFLdrDJqzbLVj6BdVkajq1OU=
7,-8,dmiLc+yRUoJUdPRx7DuDLVqI7Qs=,q7iHFLdrDJqzbLVj6BdVkajq1OU=
7,-9,dmiLc+yRUoJUdPRx7DuDLVqI7Qs=,Z0HrumuxfOOoFj3tW6tCGFtSYJo=
0,-7,dmiLc+yRUoJUdPRx7DuDLVqI7Qs=,q7iHFLdrDJqzbLVj6BdVkajq1OU=
1,-7,dmiLc+yRUoJUdPRx7DuDLVqI7Qs=,q7iHFLdrDJqzbLVj6BdVkajq1OU=
1,-1,dmiLc+yRUoJUdPRx7DuDLVqI7Qs=,q7iHFLdrDJqzbLVj6BdVkajq1OU=
2,-7,dmiLc+yRUoJUdPRx7DuDLVqI7Qs=,q7iHFLdrDJqzbLVj6BdVkajq1OU=
1,-9,dmiLc+yRUoJUdPRx7DuDLVqI7Qs=,Z0HrumuxfOOoFj3tW6tCGFtSYJo=
2,-5,dmiLc+yRUoJUdPRx7DuDLVqI7Qs=,q7iHFLdrDJqzbLVj6BdVkajq1OU=
3,-7,dmiLc+yRUoJUdPRx7DuDLVqI7Qs=,q7iHFLdrDJqzbLVj6BdVkajq1OU=
6,-9,dmiLc+yRUoJUdPRx7DuDLVqI7Qs=,Z0HrumuxfOOoFj3tW6tCGFtSYJo=
8,-4,dmiLc+yRUoJUdPRx7DuDLVqI7Qs=,vM3j8Wj2FPNz0IDjtSus3S96nek=
4,-7,dmiLc+yRUoJUdPRx7DuDLVqI7Qs=,q7iHFLdrDJqzbLVj6BdVkajq1OU=
5,-9,dmiLc+yRUoJUdPRx7DuDLVqI7Qs=,Z0HrumuxfOOoFj3tW6tCGFtSYJo=
5,-7,dmiLc+yRUoJUdPRx7DuDLVqI7Qs=,q7iHFLdrDJqzbLVj6BdVkajq1OU=
2,-9,dmiLc+yRUoJUdPRx7DuDLVqI7Qs=,Z0HrumuxfOOoFj3tW6tCGFtSYJo=
6,-7,dmiLc+yRUoJUdPRx7DuDLVqI7Qs=,q7iHFLdrDJqzbLVj6BdVkajq1OU=
0,-6,dmiLc+yRUoJUdPRx7DuDLVqI7Qs=,q7iHFLdrDJqzbLVj6BdVkajq1OU=
7,-7,dmiLc+yRUoJUdPRx7DuDLVqI7Qs=,q7iHFLdrDJqzbLVj6BdVkajq1OU=
1,-5,dmiLc+yRUoJUdPRx7DuDLVqI7Qs=,q7iHFLdrDJqzbLVj6BdVkajq1OU=
1,-6,dmiLc+yRUoJUdPRx7DuDLVqI7Qs=,q7iHFLdrDJqzbLVj6BdVkajq1OU=
4,-9,dmiLc+yRUoJUdPRx7DuDLVqI7Qs=,Z0HrumuxfOOoFj3tW6tCGFtSYJo=
0,-5,dmiLc+yRUoJUdPRx7DuDLVqI7Qs=,q7iHFLdrDJqzbLVj6BdVkajq1OU=
7,-6,dmiLc+yRUoJUdPRx7DuDLVqI7Qs=,q7iHFLdrDJqzbLVj6BdVkajq1OU=
5,-1,dmiLc+yRUoJUdPRx7DuDLVqI7Qs=,q7iHFLdrDJqzbLVj6BdVkajq1OU=
3,-1,dmiLc+yRUoJUdPRx7DuDLVqI7Qs=,q7iHFLdrDJqzbLVj6BdVkajq1OU=
2,-1,dmiLc+yRUoJUdPRx7DuDLVqI7Qs=,q7iHFLdrDJqzbLVj6BdVkajq1OU=
8,-6,dmiLc+yRUoJUdPRx7DuDLVqI7Qs=,vM3j8Wj2FPNz0IDjtSus3S96nek=
4,-1,dmiLc+yRUoJUdPRx7DuDLVqI7Qs=,q7iHFLdrDJqzbLVj6BdVkajq1OU=
3,-9,dmiLc+yRUoJUdPRx7DuDLVqI7Qs=,Z0HrumuxfOOoFj3tW6tCGFtSYJo=
2,-6,dmiLc+yRUoJUdPRx7DuDLVqI7Qs=,q7iHFLdrDJqzbLVj6BdVkajq1OU=
6,-6,dmiLc+yRUoJUdPRx7DuDLVqI7Qs=,q7iHFLdrDJqzbLVj6BdVkajq1OU=
5,-6,dmiLc+yRUoJUdPRx7DuDLVqI7Qs=,q7iHFLdrDJqzbLVj6BdVkajq1OU=
6,-1,dmiLc+yRUoJUdPRx7DuDLVqI7Qs=,q7iHFLdrDJqzbLVj6BdVkajq1OU=
3,-6,dmiLc+yRUoJUdPRx7DuDLVqI7Qs=,q7iHFLdrDJqzbLVj6BdVkajq1OU=
4,-6,dmiLc+yRUoJUdPRx7DuDLVqI7Qs=,q7iHFLdrDJqzbLVj6BdVkajq1OU=
